address,company,company_info,job_name,job_time,need,salary
南京·雨花台区·南京南站,华为技术有限公司,"计算机软件,不需要融资,10000人以上",德科OD 南京 JAVA开发工程,"经验不限,本科","Python,微服务架构,Spring,Oracle,MySQL",15-25K
南京·建邺区·奥体,阿里巴巴集团,"互联网,已上市,10000人以上",Java开发工程师/Java架构师,"经验不限,本科","Java,Spring,Dubbo,分布式技术,Redis,后端开发,大数据",25-50K
南京·建邺区·江东,小米,"互联网,已上市,10000人以上",高级Java开发工程师（研发平台）,"3-5年,本科","不接受居家办公,Java,Spring,MyBatis,Nginx,MySQL,Redis,Spark,架构设计经验,分布式经验,微服务经验",20-40K·16薪
南京·雨花台区·南京南站,华为技术有限公司,"计算机软件,不需要融资,10000人以上",Java开发工程师(研发OD招聘),"经验不限,本科",Java,15-30K·15薪
南京·雨花台区·铁心桥,众能联合,"互联网,D轮及以上,1000-9999人",Java高级开发工程师（业财研发工程师）,"5-10年,本科","业财,财务",26-40K·15薪
南京,叮东网络科技,"移动互联网,未融资,20-99人",Java 开发工程师,"1-3年,本科","SQL,多线程,Spring,SpringMVC,SpringBoot,Oracle",5-8K
南京·栖霞区·亚东,muspard,"智能硬件,0-20人",Java 开发工程师,"5-10年,本科","Java,Javascript,JS",12-18K
南京·鼓楼区·华侨路,德风科技,"计算机软件,B轮,500-999人",JAVA 开发工程师,"3-5年,本科","MVC开发,服务器配置,搜索引擎技术,Java",11-20K
南京·江宁区·九龙湖,粒聚科技,"计算机软件,A轮,20-99人",JAVA 开发工程师,"3-5年,本科","微服务架构,SpringBoot,MySQL,后端开发,物联网,中级软件工程师,SaaS",15-20K
南京·鼓楼区·山西路,三合协鼎,"企业服务,不需要融资,0-20人",Java 开发工程师,"3-5年,本科","不接受居家办公,Java,Spring,MySQL,Redis,团队管理经验,架构设计经验,大数据经验",10-15K
南京·雨花台区·铁心桥,信息科技,"计算机软件,0-20人",Java 开发工程师,"5-10年,本科",架构师,15-30K
南京·秦淮区·光华路,华设,"建筑设计,已上市,1000-9999人",Java 中级开发工程师,"1-3年,本科","后端工程师,Java,计算机/软件工程相关经验,Java开发经验,统招本科",10-15K
南京·雨花台区·南京南站,丹卓科技,"企业服务,0-20人",Java 开发工程师,"3-5年,大专","HTML,CSS",8-13K
南京·建邺区·奥体,麟珅科技,"计算机软件,未融资,0-20人",Java 资深开发工程师,"3-5年,本科","后端工程师,Java,Spring,Java开发经验",15-20K·15薪
南京·江宁区·九龙湖,音飞集团,"机械设备/机电/重工,已上市,500-999人",JAVA 高级开发工程师,"1-3年,本科","Java,ERP,MES,Flutter",8-13K·14薪
南京·鼓楼区·幕府山,图治科技,"互联网,A轮,20-99人",Java Web开发工程师,"5-10年,本科","Java,后端开发,Spring,Mybatis,Dubbo,Socket技术,MySQL,SaaS",15-25K·13薪
南京·六合区·大厂,基蛋生物,"医疗健康,不需要融资,1000-9999人",java web开发工程师,"经验不限,本科","Java,Spring,Spark,分布式技术,服务器配置,MySQL,全栈开发,GIT",8-13K
南京·江宁区·东山,镇江九桌信息技术,"计算机软件,未融资,20-99人",Java SpringBoot 开发工程师,"5-10年,大专","Java,Spring,SpringCloud,Hibernate,MySQL,Redis",10-15K
南京·江宁区·百家湖,天恒供应链,"交通/运输,天使轮,20-99人",Java 后端开发工程师,"1-3年,本科","C/C++,后端开发,Java",12-24K
南京·雨花台区·安德门,中电金信,"计算机软件,B轮,10000人以上",Java 后端开发工程师,"在校/应届,本科","Java,Spring,MySQL",6-7K
南京·江宁区·秣陵,清湛人智院,"计算机软件,不需要融资,100-499人",Java web后端开发工程师,"1-3年,本科","数据库,后端开发,Java",11-16K
南京·雨花台区·安德门,华为,"计算机软件,不需要融资,10000人以上",JAVA 高级软件开发工程师,"3-5年,本科","Hadoop,Java,数据库",20-40K
南京·建邺区·南苑,伟创达,"智能硬件,不需要融资,20-99人",JAVA 后端开发工程师,"1-3年,大专","Java,jquery,MYSQL",5-10K
南京·玄武区·徐庄软件园,苏宁易购,"电子商务,已上市,10000人以上",Java web开发工程师,"3-5年,本科","软件工程师,Spring,后端开发,Java,HBase,Redis,搜索引擎技术,分布式技术",15-30K·14薪
南京·江宁区·开发区,国网电科院,"电力/热力/燃气/水利,已上市,10000人以上",Java B/S系统开发工程师,"3-5年,硕士","Java开发经验,不接受居家办公,后端工程师,Spring",15-16K
南京·鼓楼区·南大,我辈扬江苏云计算,"互联网,0-20人",中级/高级 Java 开发工程师,"1-3年,本科","后端工程师,Java,Spring,计算机/软件工程相关经验,Java开发经验",7-12K
南京·建邺区·奥体,澎临,"计算机软件,未融资,0-20人",Java WEB开发工程师（2人）,"1-3年,本科","HTML,CSS,WEB开发",8-12K
南京,阅软,"计算机软件,未融资,20-99人",Java开发工程师,"1-3年,本科","Java,JavaScript,SQL,HTML,Spring,JQuery,SSM,Mybatis",5-10K
南京·建邺区·江东,钰新软件,"计算机软件,不需要融资,20-99人",java开发工程师,"3-5年,本科","后端工程师,国内院校优先,Java,计算机/软件工程相关经验,Java开发经验,分布式系统开发经验,不接受居家办公",8-13K
南京·浦口区·高新区,艾飞能源科技,"移动互联网,未融资,100-499人",java开发工程师,"3-5年,本科","分布式技术,多线程,微服务架构,网络协议,MVC开发,Spring,SpringBoot,SpringCloud",12-16K
address,company,company_info,job_name,job_time,need,salary
南京·雨花台区·南京南站,华为技术有限公司,"计算机软件,不需要融资,10000人以上",德科OD 南京 JAVA开发工程,"经验不限,本科","Python,微服务架构,Spring,Oracle,MySQL",15-25K
南京·建邺区·奥体,阿里巴巴集团,"互联网,已上市,10000人以上",Java开发工程师/Java架构师,"经验不限,本科","Java,Spring,Dubbo,分布式技术,Redis,后端开发,大数据",25-50K
南京·建邺区·江东,小米,"互联网,已上市,10000人以上",高级Java开发工程师（研发平台）,"3-5年,本科","不接受居家办公,Java,Spring,MyBatis,Nginx,MySQL,Redis,Spark,架构设计经验,分布式经验,微服务经验",20-40K·16薪
南京·雨花台区·南京南站,华为技术有限公司,"计算机软件,不需要融资,10000人以上",Java开发工程师(研发OD招聘),"经验不限,本科",Java,15-30K·15薪
南京·雨花台区·铁心桥,众能联合,"互联网,D轮及以上,1000-9999人",Java高级开发工程师（业财研发工程师）,"5-10年,本科","业财,财务",26-40K·15薪
南京·雨花台区·铁心桥,信息科技,"计算机软件,0-20人",Java 开发工程师,"5-10年,本科",架构师,15-30K
南京·鼓楼区·山西路,三合协鼎,"企业服务,不需要融资,0-20人",Java 开发工程师,"3-5年,本科","不接受居家办公,Java,Spring,MySQL,Redis,团队管理经验,架构设计经验,大数据经验",10-15K
南京,叮东网络科技,"移动互联网,未融资,20-99人",Java 开发工程师,"1-3年,本科","SQL,多线程,Spring,SpringMVC,SpringBoot,Oracle",5-8K
南京·栖霞区·亚东,muspard,"智能硬件,0-20人",Java 开发工程师,"5-10年,本科","Java,Javascript,JS",12-18K
南京·鼓楼区·华侨路,德风科技,"计算机软件,B轮,500-999人",JAVA 开发工程师,"3-5年,本科","MVC开发,服务器配置,搜索引擎技术,Java",11-20K
南京·江宁区·九龙湖,粒聚科技,"计算机软件,A轮,20-99人",JAVA 开发工程师,"3-5年,本科","微服务架构,SpringBoot,MySQL,后端开发,物联网,中级软件工程师,SaaS",15-20K
南京·雨花台区·南京南站,丹卓科技,"企业服务,0-20人",Java 开发工程师,"3-5年,大专","HTML,CSS",8-13K
南京·江宁区·九龙湖,音飞集团,"机械设备/机电/重工,已上市,500-999人",JAVA 高级开发工程师,"1-3年,本科","Java,ERP,MES,Flutter",8-13K·14薪
南京·六合区·大厂,基蛋生物,"医疗健康,不需要融资,1000-9999人",java web开发工程师,"经验不限,本科","Java,Spring,Spark,分布式技术,服务器配置,MySQL,全栈开发,GIT",8-13K
南京·秦淮区·光华路,华设,"建筑设计,已上市,1000-9999人",Java 高级开发工程师,"5-10年,本科","后端工程师,Java,Spring,MyBatis,C#,建设管理系统,智慧工地系统",18-30K
南京·雨花台区·安德门,中电金信,"计算机软件,B轮,10000人以上",Java 后端开发工程师,"在校/应届,本科","Java,Spring,MySQL",6-7K
南京·鼓楼区·幕府山,图治科技,"互联网,A轮,20-99人",Java Web开发工程师,"5-10年,本科","Java,后端开发,Spring,Mybatis,Dubbo,Socket技术,MySQL,SaaS",15-25K·13薪
南京·建邺区·奥体,麟珅科技,"计算机软件,未融资,0-20人",Java 资深开发工程师,"3-5年,本科","后端工程师,Java,Spring,Java开发经验",15-20K·15薪
南京·江宁区·东山,镇江九桌信息技术,"计算机软件,未融资,20-99人",Java SpringBoot 开发工程师,"5-10年,大专","Java,Spring,SpringCloud,Hibernate,MySQL,Redis",10-15K
南京·江宁区·秣陵,清湛人智院,"计算机软件,不需要融资,100-499人",Java web后端开发工程师,"1-3年,本科","数据库,后端开发,Java",11-16K
南京·雨花台区·安德门,华为,"计算机软件,不需要融资,10000人以上",JAVA 高级软件开发工程师,"3-5年,本科","Hadoop,Java,数据库",20-40K
南京·建邺区·南苑,伟创达,"智能硬件,不需要融资,20-99人",JAVA 后端开发工程师,"1-3年,大专","Java,jquery,MYSQL",5-10K
南京·玄武区·徐庄软件园,苏宁易购,"电子商务,已上市,10000人以上",Java web开发工程师,"3-5年,本科","软件工程师,Spring,后端开发,Java,HBase,Redis,搜索引擎技术,分布式技术",15-30K·14薪
南京·江宁区·开发区,国网电科院,"电力/热力/燃气/水利,已上市,10000人以上",Java B/S系统开发工程师,"3-5年,硕士","Java开发经验,不接受居家办公,后端工程师,Spring",15-16K
南京·江宁区·百家湖,天恒供应链,"交通/运输,天使轮,20-99人",Java 后端开发工程师,"1-3年,本科","C/C++,后端开发,Java",12-24K
南京·鼓楼区·南大,我辈扬江苏云计算,"互联网,0-20人",中级/高级 Java 开发工程师,"1-3年,本科","后端工程师,Java,Spring,计算机/软件工程相关经验,Java开发经验",7-12K
南京·建邺区·奥体,澎临,"计算机软件,未融资,0-20人",Java WEB开发工程师（2人）,"1-3年,本科","HTML,CSS,WEB开发",8-12K
南京·建邺区·奥体,创致优,"计算机软件,未融资,20-99人",Java开发工程师,"1-3年,本科","Spring,Java",5-8K
南京·玄武区·长江路,凯普奇,"计算机软件,未融资,100-499人",java开发工程师,"3-5年,本科","Java,Spring,JavaScript,计算机/软件工程相关经验,Java开发经验",5-10K
南京·浦口区·泰山,焦点方寸,"企业服务,未融资,0-20人",java开发工程师,"1-3年,本科","Java,Hibernate,SpringCloud,MySQL,Redis,Spring",6-10K
address,company,company_info,job_name,job_time,need,salary
南京·雨花台区·南京南站,华为技术有限公司,"计算机软件,不需要融资,10000人以上",Java开发工程师(研发OD招聘),"经验不限,本科",Java,15-30K·15薪
南京·雨花台区·铁心桥,信息科技,"计算机软件,0-20人",Java 开发工程师,"5-10年,本科",架构师,15-30K
address,company,company_info,job_name,job_time,need,salary
南京·雨花台区·南京南站,华为技术有限公司,"计算机软件,不需要融资,10000人以上",Java开发工程师(研发OD招聘),"经验不限,本科",Java,15-30K·15薪
南京·雨花台区·铁心桥,信息科技,"计算机软件,0-20人",Java 开发工程师,"5-10年,本科",架构师,15-30K
address,company,company_info,job_name,job_time,need,salary
南京·雨花台区·南京南站,华为技术有限公司,"计算机软件,不需要融资,10000人以上",Java开发工程师(研发OD招聘),"经验不限,本科",Java,15-30K·15薪
南京·雨花台区·铁心桥,信息科技,"计算机软件,0-20人",Java 开发工程师,"5-10年,本科",架构师,15-30K
address,company,company_info,job_name,job_time,need,salary
南京·雨花台区·南京南站,华为技术有限公司,"计算机软件,不需要融资,10000人以上",德科OD 南京 JAVA开发工程,"经验不限,本科","Python,微服务架构,Spring,Oracle,MySQL",15-25K
南京·建邺区·奥体,阿里巴巴集团,"互联网,已上市,10000人以上",Java开发工程师/Java架构师,"经验不限,本科","Java,Spring,Dubbo,分布式技术,Redis,后端开发,大数据",25-50K
南京·雨花台区·南京南站,华为技术有限公司,"计算机软件,不需要融资,10000人以上",Java开发工程师(研发OD招聘),"经验不限,本科",Java,15-30K·15薪
南京·建邺区·江东,小米,"互联网,已上市,10000人以上",高级Java开发工程师（研发平台）,"3-5年,本科","不接受居家办公,Java,Spring,MyBatis,Nginx,MySQL,Redis,Spark,架构设计经验,分布式经验,微服务经验",20-40K·16薪
南京·雨花台区·铁心桥,众能联合,"互联网,D轮及以上,1000-9999人",Java高级开发工程师（业财研发工程师）,"5-10年,本科","业财,财务",26-40K·15薪
南京·雨花台区·南京南站,丹卓科技,"企业服务,0-20人",Java 开发工程师,"3-5年,大专","HTML,CSS",8-13K
南京,叮东网络科技,"移动互联网,未融资,20-99人",Java 开发工程师,"1-3年,本科","SQL,多线程,Spring,SpringMVC,SpringBoot,Oracle",5-8K
南京·栖霞区·亚东,muspard,"智能硬件,0-20人",Java 开发工程师,"5-10年,本科","Java,Javascript,JS",12-18K
南京·鼓楼区·华侨路,德风科技,"计算机软件,B轮,500-999人",JAVA 开发工程师,"3-5年,本科","MVC开发,服务器配置,搜索引擎技术,Java",11-20K
南京·江宁区·九龙湖,粒聚科技,"计算机软件,A轮,20-99人",JAVA 开发工程师,"3-5年,本科","微服务架构,SpringBoot,MySQL,后端开发,物联网,中级软件工程师,SaaS",15-20K
南京·雨花台区·铁心桥,信息科技,"计算机软件,0-20人",Java 开发工程师,"5-10年,本科",架构师,15-30K
南京·鼓楼区·山西路,三合协鼎,"企业服务,不需要融资,0-20人",Java 开发工程师,"3-5年,本科","不接受居家办公,Java,Spring,MySQL,Redis,团队管理经验,架构设计经验,大数据经验",10-15K
南京·秦淮区·光华路,华设,"建筑设计,已上市,1000-9999人",Java 中级开发工程师,"1-3年,本科","后端工程师,Java,计算机/软件工程相关经验,Java开发经验,统招本科",10-15K
南京·江宁区·九龙湖,音飞集团,"机械设备/机电/重工,已上市,500-999人",JAVA 高级开发工程师,"1-3年,本科","Java,ERP,MES,Flutter",8-13K·14薪
南京·玄武区·徐庄软件园,苏宁易购,"电子商务,已上市,10000人以上",Java web开发工程师,"3-5年,本科","软件工程师,Spring,后端开发,Java,HBase,Redis,搜索引擎技术,分布式技术",15-30K·14薪
南京·建邺区·奥体,麟珅科技,"计算机软件,未融资,0-20人",Java 资深开发工程师,"3-5年,本科","后端工程师,Java,Spring,Java开发经验",15-20K·15薪
南京·六合区·大厂,基蛋生物,"医疗健康,不需要融资,1000-9999人",java web开发工程师,"经验不限,本科","Java,Spring,Spark,分布式技术,服务器配置,MySQL,全栈开发,GIT",8-13K
南京·鼓楼区·幕府山,图治科技,"互联网,A轮,20-99人",Java Web开发工程师,"5-10年,本科","Java,后端开发,Spring,Mybatis,Dubbo,Socket技术,MySQL,SaaS",15-25K·13薪
南京·江宁区·东山,镇江九桌信息技术,"计算机软件,未融资,20-99人",Java SpringBoot 开发工程师,"5-10年,大专","Java,Spring,SpringCloud,Hibernate,MySQL,Redis",10-15K
南京·建邺区·南苑,伟创达,"智能硬件,不需要融资,20-99人",JAVA 后端开发工程师,"1-3年,大专","Java,jquery,MYSQL",5-10K
南京·江宁区·百家湖,天恒供应链,"交通/运输,天使轮,20-99人",Java 后端开发工程师,"1-3年,本科","C/C++,后端开发,Java",12-24K
南京·雨花台区·安德门,中电金信,"计算机软件,B轮,10000人以上",Java 后端开发工程师,"在校/应届,本科","Java,Spring,MySQL",6-7K
南京·雨花台区·安德门,华为,"计算机软件,不需要融资,10000人以上",JAVA 高级软件开发工程师,"3-5年,本科","Hadoop,Java,数据库",20-40K
南京·江宁区·秣陵,清湛人智院,"计算机软件,不需要融资,100-499人",Java web后端开发工程师,"1-3年,本科","数据库,后端开发,Java",11-16K
南京·江宁区·开发区,国网电科院,"电力/热力/燃气/水利,已上市,10000人以上",Java B/S系统开发工程师,"3-5年,硕士","Java开发经验,不接受居家办公,后端工程师,Spring",15-16K
南京·鼓楼区·南大,我辈扬江苏云计算,"互联网,0-20人",中级/高级 Java 开发工程师,"1-3年,本科","后端工程师,Java,Spring,计算机/软件工程相关经验,Java开发经验",7-12K
南京·建邺区·奥体,澎临,"计算机软件,未融资,0-20人",Java WEB开发工程师（2人）,"1-3年,本科","HTML,CSS,WEB开发",8-12K
南京·浦口区·沿江,润卡,"计算机软件,0-20人",JAVA开发工程师,"3-5年,学历不限","Java,JavaScript,SQL,HTML,Spring,SpringMVC,Mybatis,MySQL",8-13K
南京·秦淮区·光华路,元数科技,"计算机软件,天使轮,500-999人",Java开发工程师,"3-5年,本科","Java,SpringCloud,Spring,MyBatis,Redis,MySQL",20-30K
南京·雨花台区·宁南,闻闻链商,"互联网,未融资,100-499人",JAVA开发工程师,"1-3年,本科","HTML,Python,分布式技术,多线程,服务器配置,MVC开发,搜索引擎技术,Spring",5-10K
address,company,company_info,job_name,job_time,need,salary
南京·雨花台区·南京南站,华为技术有限公司,"计算机软件,不需要融资,10000人以上",德科OD 南京 JAVA开发工程,"经验不限,本科","Python,微服务架构,Spring,Oracle,MySQL",15-25K
南京·建邺区·奥体,阿里巴巴集团,"互联网,已上市,10000人以上",Java开发工程师/Java架构师,"经验不限,本科","Java,Spring,Dubbo,分布式技术,Redis,后端开发,大数据",25-50K
南京·雨花台区·南京南站,华为技术有限公司,"计算机软件,不需要融资,10000人以上",Java开发工程师(研发OD招聘),"经验不限,本科",Java,15-30K·15薪
南京·建邺区·江东,小米,"互联网,已上市,10000人以上",高级Java开发工程师（研发平台）,"3-5年,本科","不接受居家办公,Java,Spring,MyBatis,Nginx,MySQL,Redis,Spark,架构设计经验,分布式经验,微服务经验",20-40K·16薪
南京·雨花台区·铁心桥,众能联合,"互联网,D轮及以上,1000-9999人",Java高级开发工程师（业财研发工程师）,"5-10年,本科","业财,财务",26-40K·15薪
南京·雨花台区·南京南站,丹卓科技,"企业服务,0-20人",Java 开发工程师,"3-5年,大专","HTML,CSS",8-13K
南京,叮东网络科技,"移动互联网,未融资,20-99人",Java 开发工程师,"1-3年,本科","SQL,多线程,Spring,SpringMVC,SpringBoot,Oracle",5-8K
南京·栖霞区·亚东,muspard,"智能硬件,0-20人",Java 开发工程师,"5-10年,本科","Java,Javascript,JS",12-18K
南京·鼓楼区·华侨路,德风科技,"计算机软件,B轮,500-999人",JAVA 开发工程师,"3-5年,本科","MVC开发,服务器配置,搜索引擎技术,Java",11-20K
南京·江宁区·九龙湖,粒聚科技,"计算机软件,A轮,20-99人",JAVA 开发工程师,"3-5年,本科","微服务架构,SpringBoot,MySQL,后端开发,物联网,中级软件工程师,SaaS",15-20K
南京·雨花台区·铁心桥,信息科技,"计算机软件,0-20人",Java 开发工程师,"5-10年,本科",架构师,15-30K
南京·鼓楼区·山西路,三合协鼎,"企业服务,不需要融资,0-20人",Java 开发工程师,"3-5年,本科","不接受居家办公,Java,Spring,MySQL,Redis,团队管理经验,架构设计经验,大数据经验",10-15K
南京·秦淮区·光华路,华设,"建筑设计,已上市,1000-9999人",Java 中级开发工程师,"1-3年,本科","后端工程师,Java,计算机/软件工程相关经验,Java开发经验,统招本科",10-15K
南京·江宁区·九龙湖,音飞集团,"机械设备/机电/重工,已上市,500-999人",JAVA 高级开发工程师,"1-3年,本科","Java,ERP,MES,Flutter",8-13K·14薪
南京·玄武区·徐庄软件园,苏宁易购,"电子商务,已上市,10000人以上",Java web开发工程师,"3-5年,本科","软件工程师,Spring,后端开发,Java,HBase,Redis,搜索引擎技术,分布式技术",15-30K·14薪
南京·建邺区·奥体,麟珅科技,"计算机软件,未融资,0-20人",Java 资深开发工程师,"3-5年,本科","后端工程师,Java,Spring,Java开发经验",15-20K·15薪
南京·鼓楼区·幕府山,图治科技,"互联网,A轮,20-99人",Java Web开发工程师,"5-10年,本科","Java,后端开发,Spring,Mybatis,Dubbo,Socket技术,MySQL,SaaS",15-25K·13薪
南京·六合区·大厂,基蛋生物,"医疗健康,不需要融资,1000-9999人",java web开发工程师,"经验不限,本科","Java,Spring,Spark,分布式技术,服务器配置,MySQL,全栈开发,GIT",8-13K
南京·江宁区·东山,镇江九桌信息技术,"计算机软件,未融资,20-99人",Java SpringBoot 开发工程师,"5-10年,大专","Java,Spring,SpringCloud,Hibernate,MySQL,Redis",10-15K
南京·建邺区·南苑,伟创达,"智能硬件,不需要融资,20-99人",JAVA 后端开发工程师,"1-3年,大专","Java,jquery,MYSQL",5-10K
南京·江宁区·百家湖,天恒供应链,"交通/运输,天使轮,20-99人",Java 后端开发工程师,"1-3年,本科","C/C++,后端开发,Java",12-24K
南京·雨花台区·安德门,中电金信,"计算机软件,B轮,10000人以上",Java 后端开发工程师,"在校/应届,本科","Java,Spring,MySQL",6-7K
南京·江宁区·开发区,国网电科院,"电力/热力/燃气/水利,已上市,10000人以上",Java B/S系统开发工程师,"3-5年,硕士","Java开发经验,不接受居家办公,后端工程师,Spring",15-16K
南京·雨花台区·安德门,华为,"计算机软件,不需要融资,10000人以上",JAVA 高级软件开发工程师,"3-5年,本科","Hadoop,Java,数据库",20-40K
南京·江宁区·秣陵,清湛人智院,"计算机软件,不需要融资,100-499人",Java web后端开发工程师,"1-3年,本科","数据库,后端开发,Java",11-16K
南京·鼓楼区·南大,我辈扬江苏云计算,"互联网,0-20人",中级/高级 Java 开发工程师,"1-3年,本科","后端工程师,Java,Spring,计算机/软件工程相关经验,Java开发经验",7-12K
南京·建邺区·奥体,澎临,"计算机软件,未融资,0-20人",Java WEB开发工程师（2人）,"1-3年,本科","HTML,CSS,WEB开发",8-12K
南京·浦口区·沿江,润卡,"计算机软件,0-20人",JAVA开发工程师,"3-5年,学历不限","Java,JavaScript,SQL,HTML,Spring,SpringMVC,Mybatis,MySQL",8-13K
南京·秦淮区·光华路,元数科技,"计算机软件,天使轮,500-999人",Java开发工程师,"3-5年,本科","Java,SpringCloud,Spring,MyBatis,Redis,MySQL",20-30K
南京·雨花台区·宁南,闻闻链商,"互联网,未融资,100-499人",JAVA开发工程师,"1-3年,本科","HTML,Python,分布式技术,多线程,服务器配置,MVC开发,搜索引擎技术,Spring",5-10K
address,company,company_info,job_name,job_time,need,salary
南京·雨花台区·南京南站,华为技术有限公司,"计算机软件,不需要融资,10000人以上",德科OD 南京 JAVA开发工程,"经验不限,本科","Python,微服务架构,Spring,Oracle,MySQL",15-25K
南京·建邺区·奥体,阿里巴巴集团,"互联网,已上市,10000人以上",Java开发工程师/Java架构师,"经验不限,本科","Java,Spring,Dubbo,分布式技术,Redis,后端开发,大数据",25-50K
南京·雨花台区·南京南站,华为技术有限公司,"计算机软件,不需要融资,10000人以上",Java开发工程师(研发OD招聘),"经验不限,本科",Java,15-30K·15薪
南京·建邺区·江东,小米,"互联网,已上市,10000人以上",高级Java开发工程师（研发平台）,"3-5年,本科","不接受居家办公,Java,Spring,MyBatis,Nginx,MySQL,Redis,Spark,架构设计经验,分布式经验,微服务经验",20-40K·16薪
南京·雨花台区·铁心桥,众能联合,"互联网,D轮及以上,1000-9999人",Java高级开发工程师（业财研发工程师）,"5-10年,本科","业财,财务",26-40K·15薪
南京·雨花台区·南京南站,丹卓科技,"企业服务,0-20人",Java 开发工程师,"3-5年,大专","HTML,CSS",8-13K
南京·栖霞区·亚东,muspard,"智能硬件,0-20人",Java 开发工程师,"5-10年,本科","Java,Javascript,JS",12-18K
南京,叮东网络科技,"移动互联网,未融资,20-99人",Java 开发工程师,"1-3年,本科","SQL,多线程,Spring,SpringMVC,SpringBoot,Oracle",5-8K
南京·鼓楼区·华侨路,德风科技,"计算机软件,B轮,500-999人",JAVA 开发工程师,"3-5年,本科","MVC开发,服务器配置,搜索引擎技术,Java",11-20K
南京·江宁区·九龙湖,粒聚科技,"计算机软件,A轮,20-99人",JAVA 开发工程师,"3-5年,本科","微服务架构,SpringBoot,MySQL,后端开发,物联网,中级软件工程师,SaaS",15-20K
南京·雨花台区·铁心桥,信息科技,"计算机软件,0-20人",Java 开发工程师,"5-10年,本科",架构师,15-30K
南京·鼓楼区·山西路,三合协鼎,"企业服务,不需要融资,0-20人",Java 开发工程师,"3-5年,本科","不接受居家办公,Java,Spring,MySQL,Redis,团队管理经验,架构设计经验,大数据经验",10-15K
南京·秦淮区·光华路,华设,"建筑设计,已上市,1000-9999人",Java 中级开发工程师,"1-3年,本科","后端工程师,Java,计算机/软件工程相关经验,Java开发经验,统招本科",10-15K
南京·江宁区·九龙湖,音飞集团,"机械设备/机电/重工,已上市,500-999人",JAVA 高级开发工程师,"1-3年,本科","Java,ERP,MES,Flutter",8-13K·14薪
南京·玄武区·徐庄软件园,苏宁易购,"电子商务,已上市,10000人以上",Java web开发工程师,"3-5年,本科","软件工程师,Spring,后端开发,Java,HBase,Redis,搜索引擎技术,分布式技术",15-30K·14薪
南京·建邺区·奥体,麟珅科技,"计算机软件,未融资,0-20人",Java 资深开发工程师,"3-5年,本科","后端工程师,Java,Spring,Java开发经验",15-20K·15薪
南京·鼓楼区·幕府山,图治科技,"互联网,A轮,20-99人",Java Web开发工程师,"5-10年,本科","Java,后端开发,Spring,Mybatis,Dubbo,Socket技术,MySQL,SaaS",15-25K·13薪
南京·六合区·大厂,基蛋生物,"医疗健康,不需要融资,1000-9999人",java web开发工程师,"经验不限,本科","Java,Spring,Spark,分布式技术,服务器配置,MySQL,全栈开发,GIT",8-13K
南京·江宁区·东山,镇江九桌信息技术,"计算机软件,未融资,20-99人",Java SpringBoot 开发工程师,"5-10年,大专","Java,Spring,SpringCloud,Hibernate,MySQL,Redis",10-15K
南京·江宁区·百家湖,天恒供应链,"交通/运输,天使轮,20-99人",Java 后端开发工程师,"1-3年,本科","C/C++,后端开发,Java",12-24K
南京·雨花台区·安德门,中电金信,"计算机软件,B轮,10000人以上",Java 后端开发工程师,"在校/应届,本科","Java,Spring,MySQL",6-7K
南京·建邺区·南苑,伟创达,"智能硬件,不需要融资,20-99人",JAVA 后端开发工程师,"1-3年,大专","Java,jquery,MYSQL",5-10K
南京·江宁区·开发区,国网电科院,"电力/热力/燃气/水利,已上市,10000人以上",Java B/S系统开发工程师,"3-5年,硕士","Java开发经验,不接受居家办公,后端工程师,Spring",15-16K
南京·江宁区·秣陵,清湛人智院,"计算机软件,不需要融资,100-499人",Java web后端开发工程师,"1-3年,本科","数据库,后端开发,Java",11-16K
南京·雨花台区·安德门,华为,"计算机软件,不需要融资,10000人以上",JAVA 高级软件开发工程师,"3-5年,本科","Hadoop,Java,数据库",20-40K
南京·鼓楼区·南大,我辈扬江苏云计算,"互联网,0-20人",中级/高级 Java 开发工程师,"1-3年,本科","后端工程师,Java,Spring,计算机/软件工程相关经验,Java开发经验",7-12K
南京·建邺区·奥体,澎临,"计算机软件,未融资,0-20人",Java WEB开发工程师（2人）,"1-3年,本科","HTML,CSS,WEB开发",8-12K
南京·雨花台区·宁南,闻闻链商,"互联网,未融资,100-499人",JAVA开发工程师,"1-3年,本科","HTML,Python,分布式技术,多线程,服务器配置,MVC开发,搜索引擎技术,Spring",5-10K
南京·雨花台区·铁心桥,好课多,"移动互联网,20-99人",Java开发工程师,"经验不限,本科","后端工程师,Java,Redis,Spring",10-15K·13薪
南京·浦口区·沿江,润卡,"计算机软件,0-20人",JAVA开发工程师,"3-5年,学历不限","Java,JavaScript,SQL,HTML,Spring,SpringMVC,Mybatis,MySQL",8-13K
address,company,company_info,job_name,job_time,need,salary
南京·建邺区·奥体,阿里巴巴集团,"互联网,已上市,10000人以上",Java开发工程师/Java架构师,"经验不限,本科","Java,Spring,Dubbo,分布式技术,Redis,后端开发,大数据",25-50K
南京·雨花台区·南京南站,华为技术有限公司,"计算机软件,不需要融资,10000人以上",Java开发工程师(研发OD招聘),"经验不限,本科",Java,15-30K·15薪
南京·雨花台区·南京南站,丹卓科技,"企业服务,0-20人",Java 开发工程师,"3-5年,大专","HTML,CSS",8-13K
南京·雨花台区·铁心桥,信息科技,"计算机软件,0-20人",Java 开发工程师,"5-10年,本科",架构师,15-30K
南京,叮东网络科技,"移动互联网,未融资,20-99人",Java 开发工程师,"1-3年,本科","SQL,多线程,Spring,SpringMVC,SpringBoot,Oracle",5-8K
南京·栖霞区·亚东,muspard,"智能硬件,0-20人",Java 开发工程师,"5-10年,本科","Java,Javascript,JS",12-18K
南京·鼓楼区·华侨路,德风科技,"计算机软件,B轮,500-999人",JAVA 开发工程师,"3-5年,本科","MVC开发,服务器配置,搜索引擎技术,Java",11-20K
南京·江宁区·九龙湖,粒聚科技,"计算机软件,A轮,20-99人",JAVA 开发工程师,"3-5年,本科","微服务架构,SpringBoot,MySQL,后端开发,物联网,中级软件工程师,SaaS",15-20K
南京·江宁区·九龙湖,音飞集团,"机械设备/机电/重工,已上市,500-999人",JAVA 高级开发工程师,"1-3年,本科","Java,ERP,MES,Flutter",8-13K·14薪
南京·秦淮区·光华路,华设,"建筑设计,已上市,1000-9999人",Java 高级开发工程师,"5-10年,本科","后端工程师,Java,Spring,MyBatis,C#,建设管理系统,智慧工地系统",18-30K
南京·六合区·大厂,基蛋生物,"医疗健康,不需要融资,1000-9999人",java web开发工程师,"经验不限,本科","Java,Spring,Spark,分布式技术,服务器配置,MySQL,全栈开发,GIT",8-13K
南京·玄武区·徐庄软件园,苏宁易购,"电子商务,已上市,10000人以上",Java web开发工程师,"3-5年,本科","软件工程师,Spring,后端开发,Java,HBase,Redis,搜索引擎技术,分布式技术",15-30K·14薪
南京·建邺区·奥体,麟珅科技,"计算机软件,未融资,0-20人",Java 资深开发工程师,"3-5年,本科","后端工程师,Java,Spring,Java开发经验",15-20K·15薪
南京·江宁区·开发区,国网电科院,"电力/热力/燃气/水利,已上市,10000人以上",Java B/S系统开发工程师,"3-5年,硕士","Java开发经验,不接受居家办公,后端工程师,Spring",15-16K
南京·江宁区·秣陵,清湛人智院,"计算机软件,不需要融资,100-499人",Java web后端开发工程师,"1-3年,本科","数据库,后端开发,Java",11-16K
南京·江宁区·百家湖,天恒供应链,"交通/运输,天使轮,20-99人",Java 后端开发工程师,"1-3年,本科","C/C++,后端开发,Java",12-24K
南京·江宁区·岔路口,南京鑫腾,"游戏,未融资,20-99人",Java开发工程师,"3-5年,本科","SQL,MVC开发,Spring,SpringBoot,Redis",13-17K
南京·鼓楼区·凤凰西街,高伟达公司,"计算机软件,已上市,1000-9999人",java开发工程师,"3-5年,本科","后端工程师,Java,Spring,计算机/软件工程相关经验",11-20K
南京·雨花台区·安德门,华为终端有限公司,"通信/网络设备,不需要融资,10000人以上",Java开发工程师,"1-3年,本科","Java,Spring,SpringCloud,Dubbo,MongoDB,Redis",15-30K·14薪
南京·建邺区·奥体,阿里巴巴集团,"互联网,已上市,10000人以上",Java开发工程师,"在校/应届,本科","Shell,SQL,CSS,微服务架构,初级软件工程师,后端开发,Spring,IDEA",20-40K·16薪
南京·栖霞区·仙鹤门,中智尚联（北京）...,"移动互联网,未融资,20-99人",java开发工程师,"3-5年,本科",Java,10-15K
南京·雨花台区·安德门,宝兰德,"计算机软件,已上市,500-999人",Java开发工程师,"3-5年,本科","Java,Tomcat,rocketmq,kafka",18-30K
南京·建邺区·奥体,杭州端点,"互联网,B轮,500-999人",java开发工程师,"经验不限,本科","分布式技术,Dubbo,SpringBoot,Redis,微服务架构,后端开发,软件工程师,高级软件工程师",15-30K
南京·鼓楼区·华侨路,鸮鹦科技,"计算机软件,0-20人",Java开发工程师,"3-5年,本科","Java,CSS,MVC开发,Spring,JQuery,MySQL,Oracle,Linux",6-9K
南京·江宁区·秣陵,钛科圈,"互联网,A轮,100-499人",Java开发工程师,"3-5年,大专","网络协议,多线程,后端开发,Linux,SpringBoot,Spring,SpringMVC,SVN",12-20K·13薪
南京·江宁区·南京南站,亿维魔方,"计算机软件,未融资,20-99人",Java开发工程师,"3-5年,本科","Java,SpringBoot,全栈开发,多线程,Linux,软件工程师,React,数据治理",10-15K·13薪
南京·建邺区·雨润大街,万得资讯,"互联网,不需要融资,1000-9999人",Java开发工程师,"5-10年,本科","Java,分布式经验,SpringCloud,Kafka,接受无前端经验/技能,分布式技术,Redis,SpringBoot,数据结构,HBase,Elasticsearch,微服务经验,负载均衡技术,多线程,架构设计经验,Oracle",15-30K·14薪
南京·建邺区·奥体,泽超文化,"其他消费品,不需要融资,100-499人",Java开发工程师,"3-5年,本科","Java,SpringCloud,MyBatis,MySQL,NoSQL,分布式技术,多线程,Netty,后端开发,Spring,Oracle",11-15K
南京·雨花台区·安德门,西安华为,"通信/网络设备,未融资,10000人以上",Java开发工程师,"经验不限,本科","后端工程师,Java,Spring,MyBatis,springboot,springcloud",15-30K·15薪
南京·玄武区·徐庄软件园,苏宁,"计算机软件,已上市,10000人以上",Java开发工程师,"3-5年,本科","Java,分布式技术,多线程,Spring,SpringMVC,MySQL,Redis",12-24K·13薪
address,company,company_info,job_name,job_time,need,salary
南京·雨花台区·南京南站,华为技术有限公司,"计算机软件,不需要融资,10000人以上",德科OD 南京 JAVA开发工程,"经验不限,本科","Python,微服务架构,Spring,Oracle,MySQL",15-25K
南京·建邺区·奥体,阿里巴巴集团,"互联网,已上市,10000人以上",Java开发工程师/Java架构师,"经验不限,本科","Java,Spring,Dubbo,分布式技术,Redis,后端开发,大数据",25-50K
南京·雨花台区·南京南站,华为技术有限公司,"计算机软件,不需要融资,10000人以上",Java开发工程师(研发OD招聘),"经验不限,本科",Java,15-30K·15薪
南京·建邺区·江东,小米,"互联网,已上市,10000人以上",高级Java开发工程师（研发平台）,"3-5年,本科","不接受居家办公,Java,Spring,MyBatis,Nginx,MySQL,Redis,Spark,架构设计经验,分布式经验,微服务经验",20-40K·16薪
南京·雨花台区·铁心桥,众能联合,"互联网,D轮及以上,1000-9999人",Java高级开发工程师（业财研发工程师）,"5-10年,本科","业财,财务",26-40K·15薪
南京·雨花台区·南京南站,丹卓科技,"企业服务,0-20人",Java 开发工程师,"3-5年,大专","HTML,CSS",8-13K
南京,叮东网络科技,"移动互联网,未融资,20-99人",Java 开发工程师,"1-3年,本科","SQL,多线程,Spring,SpringMVC,SpringBoot,Oracle",5-8K
南京·栖霞区·亚东,muspard,"智能硬件,0-20人",Java 开发工程师,"5-10年,本科","Java,Javascript,JS",12-18K
南京·鼓楼区·华侨路,德风科技,"计算机软件,B轮,500-999人",JAVA 开发工程师,"3-5年,本科","MVC开发,服务器配置,搜索引擎技术,Java",11-20K
南京·鼓楼区·山西路,三合协鼎,"企业服务,不需要融资,0-20人",Java 开发工程师,"3-5年,本科","不接受居家办公,Java,Spring,MySQL,Redis,团队管理经验,架构设计经验,大数据经验",10-15K
南京·雨花台区·铁心桥,信息科技,"计算机软件,0-20人",Java 开发工程师,"5-10年,本科",架构师,15-30K
南京·江宁区·九龙湖,粒聚科技,"计算机软件,A轮,20-99人",JAVA 开发工程师,"3-5年,本科","微服务架构,SpringBoot,MySQL,后端开发,物联网,中级软件工程师,SaaS",15-20K
南京·秦淮区·光华路,华设,"建筑设计,已上市,1000-9999人",Java 高级开发工程师,"5-10年,本科","后端工程师,Java,Spring,MyBatis,C#,建设管理系统,智慧工地系统",18-30K
南京·江宁区·九龙湖,音飞集团,"机械设备/机电/重工,已上市,500-999人",JAVA 高级开发工程师,"1-3年,本科","Java,ERP,MES,Flutter",8-13K·14薪
南京·玄武区·徐庄软件园,苏宁易购,"电子商务,已上市,10000人以上",Java web开发工程师,"3-5年,本科","软件工程师,Spring,后端开发,Java,HBase,Redis,搜索引擎技术,分布式技术",15-30K·14薪
南京·六合区·大厂,基蛋生物,"医疗健康,不需要融资,1000-9999人",java web开发工程师,"经验不限,本科","Java,Spring,Spark,分布式技术,服务器配置,MySQL,全栈开发,GIT",8-13K
南京·建邺区·南苑,伟创达,"智能硬件,不需要融资,20-99人",JAVA 后端开发工程师,"1-3年,大专","Java,jquery,MYSQL",5-10K
南京·建邺区·奥体,麟珅科技,"计算机软件,未融资,0-20人",Java 资深开发工程师,"3-5年,本科","后端工程师,Java,Spring,Java开发经验",15-20K·15薪
南京·鼓楼区·幕府山,图治科技,"互联网,A轮,20-99人",Java Web开发工程师,"5-10年,本科","Java,后端开发,Spring,Mybatis,Dubbo,Socket技术,MySQL,SaaS",15-25K·13薪
南京·雨花台区·安德门,中电金信,"计算机软件,B轮,10000人以上",Java 后端开发工程师,"在校/应届,本科","Java,Spring,MySQL",6-7K
南京·江宁区·东山,镇江九桌信息技术,"计算机软件,未融资,20-99人",Java SpringBoot 开发工程师,"5-10年,大专","Java,Spring,SpringCloud,Hibernate,MySQL,Redis",10-15K
南京·雨花台区·安德门,华为,"计算机软件,不需要融资,10000人以上",JAVA 高级软件开发工程师,"3-5年,本科","Hadoop,Java,数据库",20-40K
南京·江宁区·秣陵,清湛人智院,"计算机软件,不需要融资,100-499人",Java web后端开发工程师,"1-3年,本科","数据库,后端开发,Java",11-16K
南京·鼓楼区·南大,我辈扬江苏云计算,"互联网,0-20人",中级/高级 Java 开发工程师,"1-3年,本科","后端工程师,Java,Spring,计算机/软件工程相关经验,Java开发经验",7-12K
南京·建邺区·奥体,澎临,"计算机软件,未融资,0-20人",Java WEB开发工程师（2人）,"1-3年,本科","HTML,CSS,WEB开发",8-12K
南京·江宁区·百家湖,天恒供应链,"交通/运输,天使轮,20-99人",Java 后端开发工程师,"1-3年,本科","C/C++,后端开发,Java",12-24K
南京·江宁区·开发区,国网电科院,"电力/热力/燃气/水利,已上市,10000人以上",Java B/S系统开发工程师,"3-5年,硕士","Java开发经验,不接受居家办公,后端工程师,Spring",15-16K
南京·鼓楼区·汉中路,江苏鸿信,"互联网,未融资,1000-9999人",Java开发工程师,"3-5年,本科","微服务架构,SpringBoot,Oracle,MySQL,Redis",13-15K·14薪
南京·秦淮区·夫子庙,济南聚仁,"计算机软件,100-499人",java开发工程师,"3-5年,大专","Java,SQL,Spring,分布式技术,搜索引擎技术,MySQL,Redis,后端开发",8-13K
南京·雨花台区·宁南,闻闻链商,"互联网,未融资,100-499人",JAVA开发工程师,"1-3年,本科","HTML,Python,分布式技术,多线程,服务器配置,MVC开发,搜索引擎技术,Spring",5-10K
address,company,company_info,job_name,job_time,need,salary
南京·雨花台区·南京南站,华为技术有限公司,"计算机软件,不需要融资,10000人以上",德科OD 南京 JAVA开发工程,"经验不限,本科","Python,微服务架构,Spring,Oracle,MySQL",15-25K
南京·建邺区·奥体,阿里巴巴集团,"互联网,已上市,10000人以上",Java开发工程师/Java架构师,"经验不限,本科","Java,Spring,Dubbo,分布式技术,Redis,后端开发,大数据",25-50K
南京·雨花台区·南京南站,华为技术有限公司,"计算机软件,不需要融资,10000人以上",Java开发工程师(研发OD招聘),"经验不限,本科",Java,15-30K·15薪
南京·建邺区·江东,小米,"互联网,已上市,10000人以上",高级Java开发工程师（研发平台）,"3-5年,本科","不接受居家办公,Java,Spring,MyBatis,Nginx,MySQL,Redis,Spark,架构设计经验,分布式经验,微服务经验",20-40K·16薪
南京·雨花台区·铁心桥,众能联合,"互联网,D轮及以上,1000-9999人",Java高级开发工程师（业财研发工程师）,"5-10年,本科","业财,财务",26-40K·15薪
南京·雨花台区·南京南站,丹卓科技,"企业服务,0-20人",Java 开发工程师,"3-5年,大专","HTML,CSS",8-13K
南京,叮东网络科技,"移动互联网,未融资,20-99人",Java 开发工程师,"1-3年,本科","SQL,多线程,Spring,SpringMVC,SpringBoot,Oracle",5-8K
南京·栖霞区·亚东,muspard,"智能硬件,0-20人",Java 开发工程师,"5-10年,本科","Java,Javascript,JS",12-18K
南京·鼓楼区·华侨路,德风科技,"计算机软件,B轮,500-999人",JAVA 开发工程师,"3-5年,本科","MVC开发,服务器配置,搜索引擎技术,Java",11-20K
南京·鼓楼区·山西路,三合协鼎,"企业服务,不需要融资,0-20人",Java 开发工程师,"3-5年,本科","不接受居家办公,Java,Spring,MySQL,Redis,团队管理经验,架构设计经验,大数据经验",10-15K
南京·雨花台区·铁心桥,信息科技,"计算机软件,0-20人",Java 开发工程师,"5-10年,本科",架构师,15-30K
南京·江宁区·九龙湖,粒聚科技,"计算机软件,A轮,20-99人",JAVA 开发工程师,"3-5年,本科","微服务架构,SpringBoot,MySQL,后端开发,物联网,中级软件工程师,SaaS",15-20K
南京·秦淮区·光华路,华设,"建筑设计,已上市,1000-9999人",Java 高级开发工程师,"5-10年,本科","后端工程师,Java,Spring,MyBatis,C#,建设管理系统,智慧工地系统",18-30K
南京·江宁区·九龙湖,音飞集团,"机械设备/机电/重工,已上市,500-999人",JAVA 高级开发工程师,"1-3年,本科","Java,ERP,MES,Flutter",8-13K·14薪
南京·玄武区·徐庄软件园,苏宁易购,"电子商务,已上市,10000人以上",Java web开发工程师,"3-5年,本科","软件工程师,Spring,后端开发,Java,HBase,Redis,搜索引擎技术,分布式技术",15-30K·14薪
南京·建邺区·南苑,伟创达,"智能硬件,不需要融资,20-99人",JAVA 后端开发工程师,"1-3年,大专","Java,jquery,MYSQL",5-10K
南京·六合区·大厂,基蛋生物,"医疗健康,不需要融资,1000-9999人",java web开发工程师,"经验不限,本科","Java,Spring,Spark,分布式技术,服务器配置,MySQL,全栈开发,GIT",8-13K
南京·建邺区·奥体,麟珅科技,"计算机软件,未融资,0-20人",Java 资深开发工程师,"3-5年,本科","后端工程师,Java,Spring,Java开发经验",15-20K·15薪
南京·鼓楼区·幕府山,图治科技,"互联网,A轮,20-99人",Java Web开发工程师,"5-10年,本科","Java,后端开发,Spring,Mybatis,Dubbo,Socket技术,MySQL,SaaS",15-25K·13薪
南京·雨花台区·安德门,中电金信,"计算机软件,B轮,10000人以上",Java 后端开发工程师,"在校/应届,本科","Java,Spring,MySQL",6-7K
南京·江宁区·东山,镇江九桌信息技术,"计算机软件,未融资,20-99人",Java SpringBoot 开发工程师,"5-10年,大专","Java,Spring,SpringCloud,Hibernate,MySQL,Redis",10-15K
南京·鼓楼区·南大,我辈扬江苏云计算,"互联网,0-20人",中级/高级 Java 开发工程师,"1-3年,本科","后端工程师,Java,Spring,计算机/软件工程相关经验,Java开发经验",7-12K
南京·建邺区·奥体,澎临,"计算机软件,未融资,0-20人",Java WEB开发工程师（2人）,"1-3年,本科","HTML,CSS,WEB开发",8-12K
南京·江宁区·秣陵,清湛人智院,"计算机软件,不需要融资,100-499人",Java web后端开发工程师,"1-3年,本科","数据库,后端开发,Java",11-16K
南京·雨花台区·安德门,华为,"计算机软件,不需要融资,10000人以上",JAVA 高级软件开发工程师,"3-5年,本科","Hadoop,Java,数据库",20-40K
南京·江宁区·百家湖,天恒供应链,"交通/运输,天使轮,20-99人",Java 后端开发工程师,"1-3年,本科","C/C++,后端开发,Java",12-24K
南京·江宁区·开发区,国网电科院,"电力/热力/燃气/水利,已上市,10000人以上",Java B/S系统开发工程师,"3-5年,硕士","Java开发经验,不接受居家办公,后端工程师,Spring",15-16K
南京·鼓楼区·汉中路,江苏鸿信,"互联网,未融资,1000-9999人",Java开发工程师,"3-5年,本科","微服务架构,SpringBoot,Oracle,MySQL,Redis",13-15K·14薪
南京·秦淮区·夫子庙,济南聚仁,"计算机软件,100-499人",java开发工程师,"3-5年,大专","Java,SQL,Spring,分布式技术,搜索引擎技术,MySQL,Redis,后端开发",8-13K
南京·雨花台区·宁南,闻闻链商,"互联网,未融资,100-499人",JAVA开发工程师,"1-3年,本科","HTML,Python,分布式技术,多线程,服务器配置,MVC开发,搜索引擎技术,Spring",5-10K
address,company,company_info,job_name,job_time,need,salary
南京·雨花台区·南京南站,华为技术有限公司,"计算机软件,不需要融资,10000人以上",Java开发工程师(研发OD招聘),"经验不限,本科",Java,15-30K·15薪
南京·雨花台区·铁心桥,信息科技,"计算机软件,0-20人",Java 开发工程师,"5-10年,本科",架构师,15-30K
南京,叮东网络科技,"移动互联网,未融资,20-99人",Java 开发工程师,"1-3年,本科","SQL,多线程,Spring,SpringMVC,SpringBoot,Oracle",5-8K
南京·栖霞区·亚东,muspard,"智能硬件,0-20人",Java 开发工程师,"5-10年,本科","Java,Javascript,JS",12-18K
南京·鼓楼区·华侨路,德风科技,"计算机软件,B轮,500-999人",JAVA 开发工程师,"3-5年,本科","MVC开发,服务器配置,搜索引擎技术,Java",11-20K
南京·秦淮区·光华路,华设,"建筑设计,已上市,1000-9999人",Java 高级开发工程师,"5-10年,本科","后端工程师,Java,Spring,MyBatis,C#,建设管理系统,智慧工地系统",18-30K
南京·建邺区·奥体,麟珅科技,"计算机软件,未融资,0-20人",Java 资深开发工程师,"3-5年,本科","后端工程师,Java,Spring,Java开发经验",15-20K·15薪
南京·江宁区·开发区,国网电科院,"电力/热力/燃气/水利,已上市,10000人以上",Java B/S系统开发工程师,"3-5年,硕士","Java开发经验,不接受居家办公,后端工程师,Spring",15-16K
南京·江宁区·百家湖,天恒供应链,"交通/运输,天使轮,20-99人",Java 后端开发工程师,"1-3年,本科","C/C++,后端开发,Java",12-24K
南京·雨花台区·安德门,华为技术有限公司,"计算机软件,不需要融资,10000人以上",java开发工程师,"1-3年,本科","Java,Spring,Kafka,MyBatis,MySQL,Redis,MongoDB",15-30K·14薪
南京·雨花台区·小行,南京小米,"互联网,已上市,10000人以上",Java开发工程师,"3-5年,本科","Java,Linux",20-35K·14薪
南京·玄武区·红山,拓群科技,"计算机软件,0-20人",Java开发工程师,"1-3年,本科","SQL,Spring,SSH,Oracle,软件工程师,Maven,SVN,Eclipse",8-12K
南京·秦淮区·新街口,同企,"计算机软件,0-20人",Java开发工程师,"1-3年,本科","Java,Spring,项目管理,后端开发,IT项目管理,计算机软件,管理系统,信息化",8-13K·15薪
南京·雨花台区·安德门,华为云计算,"计算机服务,不需要融资,10000人以上",java开发工程师,"经验不限,本科","Java,SpringCloud,Spring,MySQL,微服务经验",12-24K·14薪
南京·建邺区·奥体,丰疆智能科技,"机械设备/机电/重工,不需要融资,500-999人",Java开发工程师,"3-5年,本科","Java,分布式技术,MVC开发,服务器配置,搜索引擎技术,负载均衡技术,MySQL,后端开发",12-20K
南京,佰拓友创智能科技,"计算机服务,不需要融资,20-99人",Java开发工程师,"3-5年,本科","Spring,MyBatis,SpringMVC,SpringCloud",10-15K
南京·雨花台区·小行,荣耀终端,"计算机软件,10000人以上",java开发工程师,"3-5年,本科","分布式技术,服务器配置,MVC开发,容器技术,Spring,Dubbo,Redis,Oracle",23-45K·13薪
南京·江宁区·开发区,南京培邦电力电子,"计算机软件,不需要融资,20-99人",JAVA开发工程师,"3-5年,本科","Java,不接受居家办公,团队管理经验",10-15K·13薪
南京·秦淮区·苜蓿园,诺丹,"工程施工,不需要融资,100-499人",Java开发工程师,"3-5年,本科","Oracle,MySQL,Linux",15-20K
南京·建邺区·奥体,腾霜白,"计算机软件,20-99人",Java开发工程师,"3-5年,本科","Java,SQL,分布式技术,服务器配置,搜索引擎技术,Spring,Dubbo,后端开发",13-16K
南京·雨花台区·小行,软通动力,"计算机软件,已上市,10000人以上",java开发工程师,"3-5年,本科","后端工程师,Java,Spring,Redis,Java开发经验,分布式系统开发经验,中大型项目架构设计经验",13-16K
南京·鼓楼区·南大,迎嘉科技,"计算机硬件,未融资,100-499人",Java开发工程师,"1-3年,本科","后端工程师,Java,Spring,MyBatis,计算机/软件工程相关经验,Java开发经验",6-11K
南京·浦口区·泰山,南京云设,"通信/网络设备,未融资,20-99人",Java开发工程师,"经验不限,本科","Java,Spring",5-8K
南京·建邺区·奥体,坤湛科技,"互联网,A轮,100-499人",Java开发工程师,"3-5年,本科","Java,SQL,分布式技术,多线程,Spring,MySQL,微服务架构,GIT",20-40K·13薪
南京·六合区·大厂,阿里巴巴集团,"互联网,已上市,10000人以上",JAVA开发工程师,"5-10年,本科",Java,30-55K
南京·雨花台区·铁心桥,SHEIN,"电子商务,D轮及以上,10000人以上",Java开发工程师,"经验不限,本科","SQL,PHP,Python",15-30K·14薪
南京·建邺区·建邺万达,中科国力,"企业服务,A轮,100-499人",Java开发工程师,"3-5年,本科",微服务架构,13-18K
南京·浦口区·泰山,焦点方寸,"企业服务,未融资,0-20人",java开发工程师,"1-3年,本科","Java,Hibernate,SpringCloud,MySQL,Redis,Spring",6-10K
南京·江宁区·大学城,典易,"互联网,未融资,0-20人",Java开发工程师,"1-3年,本科","分布式技术,Spring,SpringBoot,Redis,计算机软件,微信,小程序",7-9K
南京·雨花台区·小行,华为,"计算机软件,不需要融资,10000人以上",Java开发工程师,"经验不限,本科","Python,分布式技术,网络协议,数据结构,架构师,Linux,sre工程师,全栈工程师",20-40K·14薪
南京·雨花台区·南京南站,华为技术有限公司,"计算机软件,不需要融资,10000人以上",德科OD 南京 JAVA开发工程,"经验不限,本科","Python,微服务架构,Spring,Oracle,MySQL",15-25K
南京·建邺区·奥体,阿里巴巴集团,"互联网,已上市,10000人以上",Java开发工程师/Java架构师,"经验不限,本科","Java,Spring,Dubbo,分布式技术,Redis,后端开发,大数据",25-50K
南京·雨花台区·南京南站,华为技术有限公司,"计算机软件,不需要融资,10000人以上",Java开发工程师(研发OD招聘),"经验不限,本科",Java,15-30K·15薪
南京·建邺区·江东,小米,"互联网,已上市,10000人以上",高级Java开发工程师（研发平台）,"3-5年,本科","不接受居家办公,Java,Spring,MyBatis,Nginx,MySQL,Redis,Spark,架构设计经验,分布式经验,微服务经验",20-40K·16薪
南京·雨花台区·铁心桥,众能联合,"互联网,D轮及以上,1000-9999人",Java高级开发工程师（业财研发工程师）,"5-10年,本科","业财,财务",26-40K·15薪
南京·鼓楼区·山西路,三合协鼎,"企业服务,不需要融资,0-20人",Java 开发工程师,"3-5年,本科","不接受居家办公,Java,Spring,MySQL,Redis,团队管理经验,架构设计经验,大数据经验",10-15K
南京·雨花台区·铁心桥,信息科技,"计算机软件,0-20人",Java 开发工程师,"5-10年,本科",架构师,15-30K
南京·江宁区·九龙湖,粒聚科技,"计算机软件,A轮,20-99人",JAVA 开发工程师,"3-5年,本科","微服务架构,SpringBoot,MySQL,后端开发,物联网,中级软件工程师,SaaS",15-20K
南京·雨花台区·南京南站,丹卓科技,"企业服务,0-20人",Java 开发工程师,"3-5年,大专","HTML,CSS",8-13K
南京,叮东网络科技,"移动互联网,未融资,20-99人",Java 开发工程师,"1-3年,本科","SQL,多线程,Spring,SpringMVC,SpringBoot,Oracle",5-8K
南京·鼓楼区·华侨路,德风科技,"计算机软件,B轮,500-999人",JAVA 开发工程师,"3-5年,本科","MVC开发,服务器配置,搜索引擎技术,Java",11-20K
南京·栖霞区·亚东,muspard,"智能硬件,0-20人",Java 开发工程师,"5-10年,本科","Java,Javascript,JS",12-18K
南京·江宁区·九龙湖,音飞集团,"机械设备/机电/重工,已上市,500-999人",JAVA 高级开发工程师,"1-3年,本科","Java,ERP,MES,Flutter",8-13K·14薪
南京·秦淮区·光华路,华设,"建筑设计,已上市,1000-9999人",Java 高级开发工程师,"5-10年,本科","后端工程师,Java,Spring,MyBatis,C#,建设管理系统,智慧工地系统",18-30K
南京·六合区·大厂,基蛋生物,"医疗健康,不需要融资,1000-9999人",java web开发工程师,"经验不限,本科","Java,Spring,Spark,分布式技术,服务器配置,MySQL,全栈开发,GIT",8-13K
南京·建邺区·奥体,麟珅科技,"计算机软件,未融资,0-20人",Java 资深开发工程师,"3-5年,本科","后端工程师,Java,Spring,Java开发经验",15-20K·15薪
南京·雨花台区·安德门,中电金信,"计算机软件,B轮,10000人以上",Java 后端开发工程师,"在校/应届,本科","Java,Spring,MySQL",6-7K
南京·建邺区·南苑,伟创达,"智能硬件,不需要融资,20-99人",JAVA 后端开发工程师,"1-3年,大专","Java,jquery,MYSQL",5-10K
南京·江宁区·东山,镇江九桌信息技术,"计算机软件,未融资,20-99人",Java SpringBoot 开发工程师,"5-10年,大专","Java,Spring,SpringCloud,Hibernate,MySQL,Redis",10-15K
南京·玄武区·徐庄软件园,苏宁易购,"电子商务,已上市,10000人以上",Java web开发工程师,"3-5年,本科","软件工程师,Spring,后端开发,Java,HBase,Redis,搜索引擎技术,分布式技术",15-30K·14薪
南京·雨花台区·安德门,华为,"计算机软件,不需要融资,10000人以上",JAVA 高级软件开发工程师,"3-5年,本科","Hadoop,Java,数据库",20-40K
南京·江宁区·秣陵,清湛人智院,"计算机软件,不需要融资,100-499人",Java web后端开发工程师,"1-3年,本科","数据库,后端开发,Java",11-16K
南京·鼓楼区·幕府山,图治科技,"互联网,A轮,20-99人",Java Web开发工程师,"5-10年,本科","Java,后端开发,Spring,Mybatis,Dubbo,Socket技术,MySQL,SaaS",15-25K·13薪
南京·江宁区·开发区,国网电科院,"电力/热力/燃气/水利,已上市,10000人以上",Java B/S系统开发工程师,"3-5年,硕士","Java开发经验,不接受居家办公,后端工程师,Spring",15-16K
南京·江宁区·百家湖,天恒供应链,"交通/运输,天使轮,20-99人",Java 后端开发工程师,"1-3年,本科","C/C++,后端开发,Java",12-24K
南京·鼓楼区·南大,我辈扬江苏云计算,"互联网,0-20人",中级/高级 Java 开发工程师,"1-3年,本科","后端工程师,Java,Spring,计算机/软件工程相关经验,Java开发经验",7-12K
南京·建邺区·奥体,澎临,"计算机软件,未融资,0-20人",Java WEB开发工程师（2人）,"1-3年,本科","HTML,CSS,WEB开发",8-12K
南京·浦口区·泰山,焦点方寸,"企业服务,未融资,0-20人",java开发工程师,"1-3年,本科","Java,Hibernate,SpringCloud,MySQL,Redis,Spring",6-10K
南京·浦口区·高新区,南京灏漫,"计算机软件,未融资,20-99人",JAVA开发工程师,"3-5年,大专","MySQL,Redis,MyBatis,Java,Spring",12-20K·13薪
南京·建邺区·建邺万达,中科国力,"企业服务,A轮,100-499人",Java开发工程师,"3-5年,本科",微服务架构,13-18K
南京·雨花台区·南京南站,华为技术有限公司,"计算机软件,不需要融资,10000人以上",德科OD 南京 JAVA开发工程,"经验不限,本科","Python,微服务架构,Spring,Oracle,MySQL",15-25K
南京·建邺区·奥体,阿里巴巴集团,"互联网,已上市,10000人以上",Java开发工程师/Java架构师,"经验不限,本科","Java,Spring,Dubbo,分布式技术,Redis,后端开发,大数据",25-50K
南京·雨花台区·南京南站,华为技术有限公司,"计算机软件,不需要融资,10000人以上",Java开发工程师(研发OD招聘),"经验不限,本科",Java,15-30K·15薪
南京·建邺区·江东,小米,"互联网,已上市,10000人以上",高级Java开发工程师（研发平台）,"3-5年,本科","不接受居家办公,Java,Spring,MyBatis,Nginx,MySQL,Redis,Spark,架构设计经验,分布式经验,微服务经验",20-40K·16薪
南京·雨花台区·铁心桥,众能联合,"互联网,D轮及以上,1000-9999人",Java高级开发工程师（业财研发工程师）,"5-10年,本科","业财,财务",26-40K·15薪
南京·鼓楼区·山西路,三合协鼎,"企业服务,不需要融资,0-20人",Java 开发工程师,"3-5年,本科","不接受居家办公,Java,Spring,MySQL,Redis,团队管理经验,架构设计经验,大数据经验",10-15K
南京·雨花台区·铁心桥,信息科技,"计算机软件,0-20人",Java 开发工程师,"5-10年,本科",架构师,15-30K
南京·江宁区·九龙湖,粒聚科技,"计算机软件,A轮,20-99人",JAVA 开发工程师,"3-5年,本科","微服务架构,SpringBoot,MySQL,后端开发,物联网,中级软件工程师,SaaS",15-20K
南京·雨花台区·南京南站,丹卓科技,"企业服务,0-20人",Java 开发工程师,"3-5年,大专","HTML,CSS",8-13K
南京,叮东网络科技,"移动互联网,未融资,20-99人",Java 开发工程师,"1-3年,本科","SQL,多线程,Spring,SpringMVC,SpringBoot,Oracle",5-8K
南京·栖霞区·亚东,muspard,"智能硬件,0-20人",Java 开发工程师,"5-10年,本科","Java,Javascript,JS",12-18K
南京·鼓楼区·华侨路,德风科技,"计算机软件,B轮,500-999人",JAVA 开发工程师,"3-5年,本科","MVC开发,服务器配置,搜索引擎技术,Java",11-20K
南京·江宁区·九龙湖,音飞集团,"机械设备/机电/重工,已上市,500-999人",JAVA 高级开发工程师,"1-3年,本科","Java,ERP,MES,Flutter",8-13K·14薪
南京·秦淮区·光华路,华设,"建筑设计,已上市,1000-9999人",Java 高级开发工程师,"5-10年,本科","后端工程师,Java,Spring,MyBatis,C#,建设管理系统,智慧工地系统",18-30K
南京·六合区·大厂,基蛋生物,"医疗健康,不需要融资,1000-9999人",java web开发工程师,"经验不限,本科","Java,Spring,Spark,分布式技术,服务器配置,MySQL,全栈开发,GIT",8-13K
南京·建邺区·奥体,麟珅科技,"计算机软件,未融资,0-20人",Java 资深开发工程师,"3-5年,本科","后端工程师,Java,Spring,Java开发经验",15-20K·15薪
南京·雨花台区·安德门,中电金信,"计算机软件,B轮,10000人以上",Java 后端开发工程师,"在校/应届,本科","Java,Spring,MySQL",6-7K
南京·建邺区·南苑,伟创达,"智能硬件,不需要融资,20-99人",JAVA 后端开发工程师,"1-3年,大专","Java,jquery,MYSQL",5-10K
南京·江宁区·东山,镇江九桌信息技术,"计算机软件,未融资,20-99人",Java SpringBoot 开发工程师,"5-10年,大专","Java,Spring,SpringCloud,Hibernate,MySQL,Redis",10-15K
南京·玄武区·徐庄软件园,苏宁易购,"电子商务,已上市,10000人以上",Java web开发工程师,"3-5年,本科","软件工程师,Spring,后端开发,Java,HBase,Redis,搜索引擎技术,分布式技术",15-30K·14薪
南京·雨花台区·安德门,华为,"计算机软件,不需要融资,10000人以上",JAVA 高级软件开发工程师,"3-5年,本科","Hadoop,Java,数据库",20-40K
南京·江宁区·秣陵,清湛人智院,"计算机软件,不需要融资,100-499人",Java web后端开发工程师,"1-3年,本科","数据库,后端开发,Java",11-16K
南京·鼓楼区·幕府山,图治科技,"互联网,A轮,20-99人",Java Web开发工程师,"5-10年,本科","Java,后端开发,Spring,Mybatis,Dubbo,Socket技术,MySQL,SaaS",15-25K·13薪
南京·江宁区·开发区,国网电科院,"电力/热力/燃气/水利,已上市,10000人以上",Java B/S系统开发工程师,"3-5年,硕士","Java开发经验,不接受居家办公,后端工程师,Spring",15-16K
南京·江宁区·百家湖,天恒供应链,"交通/运输,天使轮,20-99人",Java 后端开发工程师,"1-3年,本科","C/C++,后端开发,Java",12-24K
南京·鼓楼区·南大,我辈扬江苏云计算,"互联网,0-20人",中级/高级 Java 开发工程师,"1-3年,本科","后端工程师,Java,Spring,计算机/软件工程相关经验,Java开发经验",7-12K
南京·建邺区·奥体,澎临,"计算机软件,未融资,0-20人",Java WEB开发工程师（2人）,"1-3年,本科","HTML,CSS,WEB开发",8-12K
南京·浦口区·泰山,焦点方寸,"企业服务,未融资,0-20人",java开发工程师,"1-3年,本科","Java,Hibernate,SpringCloud,MySQL,Redis,Spring",6-10K
南京·浦口区·高新区,南京灏漫,"计算机软件,未融资,20-99人",JAVA开发工程师,"3-5年,大专","MySQL,Redis,MyBatis,Java,Spring",12-20K·13薪
南京·建邺区·建邺万达,中科国力,"企业服务,A轮,100-499人",Java开发工程师,"3-5年,本科",微服务架构,13-18K
南京·雨花台区·南京南站,华为技术有限公司,"计算机软件,不需要融资,10000人以上",德科OD 南京 JAVA开发工程,"经验不限,本科","Python,微服务架构,Spring,Oracle,MySQL",15-25K
南京·建邺区·奥体,阿里巴巴集团,"互联网,已上市,10000人以上",Java开发工程师/Java架构师,"经验不限,本科","Java,Spring,Dubbo,分布式技术,Redis,后端开发,大数据",25-50K
南京·雨花台区·南京南站,华为技术有限公司,"计算机软件,不需要融资,10000人以上",Java开发工程师(研发OD招聘),"经验不限,本科",Java,15-30K·15薪
南京·建邺区·江东,小米,"互联网,已上市,10000人以上",高级Java开发工程师（研发平台）,"3-5年,本科","不接受居家办公,Java,Spring,MyBatis,Nginx,MySQL,Redis,Spark,架构设计经验,分布式经验,微服务经验",20-40K·16薪
南京·雨花台区·铁心桥,众能联合,"互联网,D轮及以上,1000-9999人",Java高级开发工程师（业财研发工程师）,"5-10年,本科","业财,财务",26-40K·15薪
南京·江宁区·九龙湖,粒聚科技,"计算机软件,A轮,20-99人",JAVA 开发工程师,"3-5年,本科","微服务架构,SpringBoot,MySQL,后端开发,物联网,中级软件工程师,SaaS",15-20K
南京·鼓楼区·山西路,三合协鼎,"企业服务,不需要融资,0-20人",Java 开发工程师,"3-5年,本科","不接受居家办公,Java,Spring,MySQL,Redis,团队管理经验,架构设计经验,大数据经验",10-15K
南京·雨花台区·铁心桥,信息科技,"计算机软件,0-20人",Java 开发工程师,"5-10年,本科",架构师,15-30K
南京·雨花台区·南京南站,丹卓科技,"企业服务,0-20人",Java 开发工程师,"3-5年,大专","HTML,CSS",8-13K
南京,叮东网络科技,"移动互联网,未融资,20-99人",Java 开发工程师,"1-3年,本科","SQL,多线程,Spring,SpringMVC,SpringBoot,Oracle",5-8K
南京·栖霞区·亚东,muspard,"智能硬件,0-20人",Java 开发工程师,"5-10年,本科","Java,Javascript,JS",12-18K
南京·鼓楼区·华侨路,德风科技,"计算机软件,B轮,500-999人",JAVA 开发工程师,"3-5年,本科","MVC开发,服务器配置,搜索引擎技术,Java",11-20K
南京·江宁区·九龙湖,音飞集团,"机械设备/机电/重工,已上市,500-999人",JAVA 高级开发工程师,"1-3年,本科","Java,ERP,MES,Flutter",8-13K·14薪
南京·秦淮区·光华路,华设,"建筑设计,已上市,1000-9999人",Java 高级开发工程师,"5-10年,本科","后端工程师,Java,Spring,MyBatis,C#,建设管理系统,智慧工地系统",18-30K
南京·六合区·大厂,基蛋生物,"医疗健康,不需要融资,1000-9999人",java web开发工程师,"经验不限,本科","Java,Spring,Spark,分布式技术,服务器配置,MySQL,全栈开发,GIT",8-13K
南京·建邺区·奥体,麟珅科技,"计算机软件,未融资,0-20人",Java 资深开发工程师,"3-5年,本科","后端工程师,Java,Spring,Java开发经验",15-20K·15薪
南京·建邺区·南苑,伟创达,"智能硬件,不需要融资,20-99人",JAVA 后端开发工程师,"1-3年,大专","Java,jquery,MYSQL",5-10K
南京·江宁区·东山,镇江九桌信息技术,"计算机软件,未融资,20-99人",Java SpringBoot 开发工程师,"5-10年,大专","Java,Spring,SpringCloud,Hibernate,MySQL,Redis",10-15K
南京·雨花台区·安德门,中电金信,"计算机软件,B轮,10000人以上",Java 后端开发工程师,"在校/应届,本科","Java,Spring,MySQL",6-7K
南京·玄武区·徐庄软件园,苏宁易购,"电子商务,已上市,10000人以上",Java web开发工程师,"3-5年,本科","软件工程师,Spring,后端开发,Java,HBase,Redis,搜索引擎技术,分布式技术",15-30K·14薪
南京·雨花台区·安德门,华为,"计算机软件,不需要融资,10000人以上",JAVA 高级软件开发工程师,"3-5年,本科","Hadoop,Java,数据库",20-40K
南京·江宁区·秣陵,清湛人智院,"计算机软件,不需要融资,100-499人",Java web后端开发工程师,"1-3年,本科","数据库,后端开发,Java",11-16K
南京·鼓楼区·幕府山,图治科技,"互联网,A轮,20-99人",Java Web开发工程师,"5-10年,本科","Java,后端开发,Spring,Mybatis,Dubbo,Socket技术,MySQL,SaaS",15-25K·13薪
南京·江宁区·开发区,国网电科院,"电力/热力/燃气/水利,已上市,10000人以上",Java B/S系统开发工程师,"3-5年,硕士","Java开发经验,不接受居家办公,后端工程师,Spring",15-16K
南京·江宁区·百家湖,天恒供应链,"交通/运输,天使轮,20-99人",Java 后端开发工程师,"1-3年,本科","C/C++,后端开发,Java",12-24K
南京·鼓楼区·南大,我辈扬江苏云计算,"互联网,0-20人",中级/高级 Java 开发工程师,"1-3年,本科","后端工程师,Java,Spring,计算机/软件工程相关经验,Java开发经验",7-12K
南京·建邺区·奥体,澎临,"计算机软件,未融资,0-20人",Java WEB开发工程师（2人）,"1-3年,本科","HTML,CSS,WEB开发",8-12K
南京·浦口区·泰山,焦点方寸,"企业服务,未融资,0-20人",java开发工程师,"1-3年,本科","Java,Hibernate,SpringCloud,MySQL,Redis,Spring",6-10K
南京·浦口区·高新区,南京灏漫,"计算机软件,未融资,20-99人",JAVA开发工程师,"3-5年,大专","MySQL,Redis,MyBatis,Java,Spring",12-20K·13薪
南京·建邺区·建邺万达,中科国力,"企业服务,A轮,100-499人",Java开发工程师,"3-5年,本科",微服务架构,13-18K
address,company,company_info,job_name,job_time,need,salary
南京·雨花台区·南京南站,华为技术有限公司,"计算机软件,不需要融资,10000人以上",Java开发工程师(研发OD招聘),"经验不限,本科",Java,15-30K·15薪
南京·雨花台区·南京南站,丹卓科技,"企业服务,0-20人",Java 开发工程师,"3-5年,大专","HTML,CSS",8-13K
南京,叮东网络科技,"移动互联网,未融资,20-99人",Java 开发工程师,"1-3年,本科","SQL,多线程,Spring,SpringMVC,SpringBoot,Oracle",5-8K
南京·栖霞区·亚东,muspard,"智能硬件,0-20人",Java 开发工程师,"5-10年,本科","Java,Javascript,JS",12-18K
南京·鼓楼区·华侨路,德风科技,"计算机软件,B轮,500-999人",JAVA 开发工程师,"3-5年,本科","MVC开发,服务器配置,搜索引擎技术,Java",11-20K
南京·雨花台区·铁心桥,信息科技,"计算机软件,0-20人",Java 开发工程师,"5-10年,本科",架构师,15-30K
南京·江宁区·九龙湖,音飞集团,"机械设备/机电/重工,已上市,500-999人",JAVA 高级开发工程师,"1-3年,本科","Java,ERP,MES,Flutter",8-13K·14薪
南京·江宁区·九龙湖,粒聚科技,"计算机软件,A轮,20-99人",JAVA 开发工程师,"3-5年,本科","微服务架构,SpringBoot,MySQL,后端开发,物联网,中级软件工程师,SaaS",15-20K
南京·秦淮区·光华路,华设,"建筑设计,已上市,1000-9999人",Java 高级开发工程师,"5-10年,本科","后端工程师,Java,Spring,MyBatis,C#,建设管理系统,智慧工地系统",18-30K
南京·建邺区·奥体,麟珅科技,"计算机软件,未融资,0-20人",Java 资深开发工程师,"3-5年,本科","后端工程师,Java,Spring,Java开发经验",15-20K·15薪
南京·鼓楼区·幕府山,图治科技,"互联网,A轮,20-99人",Java Web开发工程师,"5-10年,本科","Java,后端开发,Spring,Mybatis,Dubbo,Socket技术,MySQL,SaaS",15-25K·13薪
南京·江宁区·开发区,国网电科院,"电力/热力/燃气/水利,已上市,10000人以上",Java B/S系统开发工程师,"3-5年,硕士","Java开发经验,不接受居家办公,后端工程师,Spring",15-16K
南京·江宁区·秣陵,清湛人智院,"计算机软件,不需要融资,100-499人",Java web后端开发工程师,"1-3年,本科","数据库,后端开发,Java",11-16K
南京·江宁区·百家湖,天恒供应链,"交通/运输,天使轮,20-99人",Java 后端开发工程师,"1-3年,本科","C/C++,后端开发,Java",12-24K
南京·建邺区·江东,小米,"互联网,已上市,10000人以上",Java Web 开发工程师,"5-10年,本科","不限,Java,MyBatis,Kafka,Spring,MySQL,Redis,Hive",20-30K
南京·鼓楼区·凤凰西街,高伟达公司,"计算机软件,已上市,1000-9999人",java开发工程师,"3-5年,本科","后端工程师,Java,Spring,计算机/软件工程相关经验",11-20K
南京·栖霞区·仙鹤门,中智尚联（北京）...,"移动互联网,未融资,20-99人",java开发工程师,"3-5年,本科",Java,10-15K
南京·雨花台区·安德门,华为终端有限公司,"通信/网络设备,不需要融资,10000人以上",Java开发工程师,"1-3年,本科","Java,Spring,SpringCloud,Dubbo,MongoDB,Redis",15-30K·14薪
南京·建邺区·奥体,阿里巴巴集团,"互联网,已上市,10000人以上",Java开发工程师,"在校/应届,本科","Shell,SQL,CSS,微服务架构,初级软件工程师,后端开发,Spring,IDEA",20-40K·16薪
南京·江宁区·秣陵,钛科圈,"互联网,A轮,100-499人",Java开发工程师,"3-5年,大专","网络协议,多线程,后端开发,Linux,SpringBoot,Spring,SpringMVC,SVN",12-20K·13薪
南京·建邺区·江东,阿里巴巴集团,"互联网,已上市,10000人以上",Java开发工程师,"在校/应届,本科","Java,Spring,MySQL",25-30K·16薪
南京·建邺区·奥体,杭州端点,"互联网,B轮,500-999人",java开发工程师,"经验不限,本科","分布式技术,Dubbo,SpringBoot,Redis,微服务架构,后端开发,软件工程师,高级软件工程师",15-30K
南京·雨花台区·安德门,宝兰德,"计算机软件,已上市,500-999人",Java开发工程师,"3-5年,本科","Java,Tomcat,rocketmq,kafka",18-30K
南京·江宁区·南京南站,亿维魔方,"计算机软件,未融资,20-99人",Java开发工程师,"3-5年,本科","Java,SpringBoot,全栈开发,多线程,Linux,软件工程师,React,数据治理",10-15K·13薪
南京·鼓楼区·华侨路,鸮鹦科技,"计算机软件,0-20人",Java开发工程师,"3-5年,本科","Java,CSS,MVC开发,Spring,JQuery,MySQL,Oracle,Linux",6-9K
南京·建邺区·奥体,泽超文化,"其他消费品,不需要融资,100-499人",Java开发工程师,"3-5年,本科","Java,SpringCloud,MyBatis,MySQL,NoSQL,分布式技术,多线程,Netty,后端开发,Spring,Oracle",11-15K
南京·雨花台区·安德门,西安华为,"通信/网络设备,未融资,10000人以上",Java开发工程师,"经验不限,本科","后端工程师,Java,Spring,MyBatis,springboot,springcloud",15-30K·15薪
南京·建邺区·雨润大街,万得资讯,"互联网,不需要融资,1000-9999人",Java开发工程师,"5-10年,本科","Java,分布式经验,SpringCloud,Kafka,接受无前端经验/技能,分布式技术,Redis,SpringBoot,数据结构,HBase,Elasticsearch,微服务经验,负载均衡技术,多线程,架构设计经验,Oracle",15-30K·14薪
南京·建邺区·奥体,中盈优创,"计算机软件,未融资,1000-9999人",Java开发工程师,"1-3年,本科","SpringMVC,Oracle,后端开发,软件工程师",9-14K·14薪
南京·秦淮区·夫子庙,驭波者,"企业服务,未融资,0-20人",Java开发工程师,"1-3年,本科","后端开发,WEB开发,Linux,MySQL",6-11K
address,company,company_info,job_name,job_time,need,salary
南京·雨花台区·南京南站,华为技术有限公司,"计算机软件,不需要融资,10000人以上",Java开发工程师(研发OD招聘),"经验不限,本科",Java,15-30K·15薪
南京·雨花台区·南京南站,丹卓科技,"企业服务,0-20人",Java 开发工程师,"3-5年,大专","HTML,CSS",8-13K
南京,叮东网络科技,"移动互联网,未融资,20-99人",Java 开发工程师,"1-3年,本科","SQL,多线程,Spring,SpringMVC,SpringBoot,Oracle",5-8K
南京·栖霞区·亚东,muspard,"智能硬件,0-20人",Java 开发工程师,"5-10年,本科","Java,Javascript,JS",12-18K
南京·鼓楼区·华侨路,德风科技,"计算机软件,B轮,500-999人",JAVA 开发工程师,"3-5年,本科","MVC开发,服务器配置,搜索引擎技术,Java",11-20K
南京·秦淮区·光华路,华设,"建筑设计,已上市,1000-9999人",Java 高级开发工程师,"5-10年,本科","后端工程师,Java,Spring,MyBatis,C#,建设管理系统,智慧工地系统",18-30K
南京·雨花台区·铁心桥,信息科技,"计算机软件,0-20人",Java 开发工程师,"5-10年,本科",架构师,15-30K
南京·建邺区·奥体,麟珅科技,"计算机软件,未融资,0-20人",Java 资深开发工程师,"3-5年,本科","后端工程师,Java,Spring,Java开发经验",15-20K·15薪
南京·江宁区·秣陵,清湛人智院,"计算机软件,不需要融资,100-499人",Java web后端开发工程师,"1-3年,本科","数据库,后端开发,Java",11-16K
南京·江宁区·开发区,国网电科院,"电力/热力/燃气/水利,已上市,10000人以上",Java B/S系统开发工程师,"3-5年,硕士","Java开发经验,不接受居家办公,后端工程师,Spring",15-16K
南京·江宁区·百家湖,天恒供应链,"交通/运输,天使轮,20-99人",Java 后端开发工程师,"1-3年,本科","C/C++,后端开发,Java",12-24K
南京,浦蓝,"环保,未融资,20-99人",java开发工程师,"1-3年,本科","后端工程师,Java,MySQL,计算机/软件工程相关经验,Java开发经验,大数据处理经验,nosql,gis,环保",12-20K·14薪
南京·玄武区·仙鹤门,途牛旅游网,"旅游,已上市,1000-9999人",Java开发工程师,"3-5年,本科","Java,中间件,数据库",10-13K
南京·江宁区·秣陵,戎光科技,"计算机软件,未融资,100-499人",Java开发工程师,"3-5年,本科","分布式技术,微服务架构,MVC开发,Spring,SpringBoot,Redis,MySQL,架构师",11-20K·14薪
南京·雨花台区·小行,华为,"计算机软件,不需要融资,10000人以上",Java开发工程师,"3-5年,本科","Spring,SpringMVC,SpringBoot,Redis,MySQL,后端开发,软件工程师,微服务架构",20-30K·15薪
南京·浦口区·沿江,安控易创,"智能硬件,未融资,0-20人",Java开发工程师,"1-3年,本科","CSS,SQL,后端开发,Dubbo,SVN,GIT,Oracle,Redis",9-12K
南京·浦口区·泰山,合肥朗弘科技有限公司,"计算机软件,0-20人",java开发工程师,"3-5年,本科","Java,必须南瑞国家电网经验,前端",11-17K
南京·雨花台区·软件大道,荣耀终端有限公司,"消费电子,不需要融资,10000人以上",JAVA开发工程师,"5-10年,本科","服务器配置,分布式技术,架构师,Spring,SpringMVC,Dubbo,NoSQL,Oracle",30-60K·16薪
南京·江宁区·大学城,道达科技,"计算机软件,A轮,100-499人",Java开发工程师,"1-3年,本科","SQL,SpringBoot,MySQL",7-12K
南京·建邺区·奥体,华泰证券,"互联网金融,已上市,10000人以上",Java开发工程师,"5-10年,硕士","微服务架构,消息队列,软件工程师,后端开发,Linux,SpringCloud",20-40K·18薪
南京·江宁区·南京南站,新奥新智科技有限公司,"互联网,不需要融资,1000-9999人",Java开发工程师,"5-10年,本科","分布式技术,多线程,MVC开发,Hibernate,MySQL,软件工程师,SpringBoot,SpringCloud",20-35K
南京,美辛软件,"计算机软件,未融资,20-99人",Java开发工程师,"3-5年,本科","Java,全栈工程师,团队管理经验,SpringCloud,Redis,HTML,SpringBoot,Spring,计算机/软件工程相关经验,SQL,Java开发经验,大数据经验,NoSQL,Linux,IDEA,MySQL,JavaScript,MyBatis,MongoDB,架构设计经验,后端开发,无留学背景偏好",10-15K
南京·鼓楼区·华侨路,江苏鸿信,"互联网,未融资,1000-9999人",Java开发工程师,"1-3年,本科","微服务架构,分布式技术,Spring,SpringMVC,Hibernate",12-16K
南京·秦淮区·马群,南京通用,"仪器仪表,未融资,100-499人",Java开发工程师,"3-5年,本科","容器技术,微服务架构,多线程,分布式技术,中级软件工程师,全栈开发,SpringCloud,Oracle",10-15K
南京·玄武区,苏宁IT,"互联网,已上市,10000人以上",Java开发工程师,"5-10年,本科",Java,18-30K
南京·秦淮区·新街口,康游软件,"计算机软件,100-499人",Java开发工程师,"1-3年,本科","Java,SQL,MVC开发",10-15K
南京·雨花台区·南京南站,华为,"计算机软件,不需要融资,10000人以上",Java开发工程师,"3-5年,本科","Spring,SpringBoot,MySQL,微服务架构,IDEA",12-20K·14薪
南京·江宁区·开发区,盈通集团,"移动互联网,未融资,100-499人",Java开发工程师,"3-5年,本科","Java,Javascript,后端开发",12-15K·13薪
南京·栖霞区·马群,聪图信息,"计算机软件,未融资,20-99人",Java开发工程师,"1-3年,本科","后端工程师,Java,Spring,JavaScript,Java开发经验,计算机/软件工程相关经验",12-17K
南京·建邺区·江东,润建股份,"移动互联网,已上市,1000-9999人",Java开发工程师,"3-5年,本科","后端工程师,Spring,SpringCloud",10-15K
南京·建邺区·江东,润建股份,"移动互联网,已上市,1000-9999人",Java开发工程师,"3-5年,本科","后端工程师,Spring,SpringCloud",10-15K
南京·江宁区·百家湖,SIMTEK,"计算机软件,A轮,20-99人",java开发工程师,"3-5年,本科","Java,Golang,Python,SpringCloud,MyBatis,Dubbo,MySQL,Oracle",14-16K·15薪
南京·秦淮区·新街口,康游软件,"计算机软件,100-499人",Java开发工程师,"1-3年,本科","Java,SQL,MVC开发",10-15K
南京·玄武区·徐庄软件园,苏宁IT,"互联网,已上市,10000人以上",Java开发工程师,"3-5年,本科","Java,分布式技术,Spring,SpringMVC,MySQL,Redis,多线程",12-24K·14薪
南京·秦淮区·马群,南京通用,"仪器仪表,未融资,100-499人",Java开发工程师,"3-5年,本科","容器技术,微服务架构,多线程,分布式技术,中级软件工程师,全栈开发,SpringCloud,Oracle",10-15K
南京·鼓楼区·华侨路,江苏鸿信,"互联网,未融资,1000-9999人",Java开发工程师,"1-3年,本科","微服务架构,分布式技术,Spring,SpringMVC,Hibernate",12-16K
南京·江宁区·将军大道,国金源富,"通信/网络设备,A轮,100-499人",Java开发工程师,"1-3年,本科","HTML,CSS,SQL,MVC开发,分布式技术,数据结构,Android,SpringBoot",7-12K
南京,美辛软件,"计算机软件,未融资,20-99人",Java开发工程师,"3-5年,本科","Java,全栈工程师,团队管理经验,SpringCloud,Redis,HTML,SpringBoot,Spring,计算机/软件工程相关经验,SQL,Java开发经验,大数据经验,NoSQL,Linux,IDEA,MySQL,JavaScript,MyBatis,MongoDB,架构设计经验,后端开发,无留学背景偏好",10-15K
南京·浦口区·江浦,百事帮,"计算机软件,未融资,20-99人",Java开发工程师,"5-10年,本科",Java,25-30K·14薪
南京·玄武区·卫岗,帆软软件,"计算机软件,不需要融资,1000-9999人",java开发工程师,"1-3年,本科","Java,C++,Spring,MySQL,不接受居家办公",18-26K
南京·建邺区·奥体,华泰证券,"互联网金融,已上市,10000人以上",Java开发工程师,"5-10年,硕士","后端开发,SpringBoot,Dubbo,高级软件工程师,MySQL,Oracle,Redis,GIT",22-35K·20薪
南京·建邺区·江心洲,土星科技,"计算机软件,B轮,100-499人",JAVA开发工程师,"5-10年,本科","多线程,Spring,Hibernate,NoSQL,后端开发",16-25K
南京·雨花台区·南京南站,华为云计算,"计算机服务,不需要融资,10000人以上",Java开发工程师,"经验不限,本科","微服务架构,容器技术,分布式技术,后端开发,Spring,MySQL",15-30K
南京·秦淮区·光华路,中设航空,"计算机软件,不需要融资,20-99人",Java开发工程师,"3-5年,本科","后端开发,微服务架构,Spring,SpringBoot,MySQL,Linux",10-15K
南京·玄武区·徐庄软件园,苏宁云商集团,"互联网,已上市,10000人以上",JAVA开发工程师,"5-10年,本科",Java,15-25K
南京·江宁区·大学城,道达科技,"计算机软件,A轮,100-499人",Java开发工程师,"1-3年,本科","SQL,SpringBoot,MySQL",7-12K
南京·秦淮区·夫子庙,易达捷信,"计算机软件,不需要融资,100-499人",Java开发工程师,"3-5年,大专","MVC开发,Spring,SpringCloud,全栈开发",12-20K
南京·雨花台区·铁心桥,SHEIN,"电子商务,D轮及以上,10000人以上",Java开发工程师,"5-10年,本科","后端开发,高级软件工程师",20-25K·13薪
南京·江宁区·南京南站,新奥新智科技有限公司,"互联网,不需要融资,1000-9999人",Java开发工程师,"5-10年,本科","分布式技术,多线程,MVC开发,Hibernate,MySQL,软件工程师,SpringBoot,SpringCloud",20-35K
南京·玄武区·丹凤街,新利,"计算机软件,已上市,1000-9999人",JAVA开发工程师,"3-5年,本科","Socket技术,Spring,SpringMVC,Oracle,银行",10-15K
南京·建邺区·西善桥,杭州端点,"互联网,B轮,500-999人",Java开发工程师,"3-5年,本科","Java,多线程",20-30K·16薪
南京·栖霞区·马群,江苏运联,"计算机软件,未融资,20-99人",Java开发工程师,"1-3年,本科","微服务架构,SpringBoot,SpringCloud,MySQL,后端开发,全栈开发,Linux,高级软件工程师",9-14K·13薪
南京·建邺区·奥体,江苏德迅云数据网...,"计算机软件,未融资,20-99人",java开发工程师,"3-5年,本科","后端工程师,Java,Spring,Python",9-14K·13薪
南京·雨花台区·铁心桥,翼职盟教育,"计算机软件,未融资,20-99人",Java开发工程师,"3-5年,本科","CSS,架构师,Spring,JDK,Oracle,MySQL,SQL Server",13-25K·16薪
南京,金恒科技,"计算机软件,B轮,500-999人",Java开发工程师,"3-5年,本科","Java,Spring,SpringCloud,MySQL",15-20K·13薪
南京·建邺区·奥体,云联华康,"医疗健康,A轮,100-499人",Java开发工程师,"3-5年,本科","SQL,搜索引擎技术,分布式技术,多线程,Spring,Netty,Oracle,Redis",12-24K·13薪
南京·玄武区·仙鹤门,途牛旅游网,"旅游,已上市,1000-9999人",Java开发工程师,"3-5年,本科","Java,中间件,数据库",10-13K
南京·江宁区·东善桥,云恒信息,"互联网,天使轮,20-99人",java开发工程师,"3-5年,大专","MyBatis,MySQL,Redis,微服务架构,springboot,springcloud",12-20K
南京,浦蓝,"环保,未融资,20-99人",java开发工程师,"1-3年,本科","后端工程师,Java,MySQL,计算机/软件工程相关经验,Java开发经验,大数据处理经验,nosql,gis,环保",12-20K·14薪
南京·栖霞区·马群,南京元时空,"计算机软件,不需要融资,0-20人",java开发工程师,"1-3年,本科","Java开发经验,Java,JavaScript,后端工程师,Spring",7-12K
南京·江宁区·开发区,盈通集团,"移动互联网,未融资,100-499人",Java开发工程师,"3-5年,本科","Java,Javascript,后端开发",12-15K·13薪
南京·雨花台区·安德门,三体四维,"计算机软件,0-20人",java开发工程师,"1年以内,大专","Java,PostgreSQL,不接受居家办公,大数据经验,QGIS、GeoServer",6-10K
南京·栖霞区·马群,南京元时空,"计算机软件,不需要融资,0-20人",java开发工程师,"1-3年,本科","Java开发经验,Java,JavaScript,后端工程师,Spring",7-12K
南京·浦口区·江浦,安元科技,"互联网,D轮及以上,500-999人",Java开发工程师,"3-5年,本科","SQL,微服务架构,容器技术,分布式技术,消息队列,数据结构,多线程,Linux",15-20K
南京·浦口区·泰山,合肥朗弘科技有限公司,"计算机软件,0-20人",java开发工程师,"3-5年,本科","Java,必须南瑞国家电网经验,前端",11-17K
南京·浦口区·沿江,安控易创,"智能硬件,未融资,0-20人",Java开发工程师,"5天/周,6个月,本科","SQL,CSS,Dubbo,Redis,Oracle,后端开发,GIT,SVN",150-200元/天
南京·雨花台区·小行,华为,"计算机软件,不需要融资,10000人以上",Java开发工程师,"3-5年,本科","Spring,SpringMVC,SpringBoot,Redis,MySQL,后端开发,软件工程师,微服务架构",20-30K·15薪
南京·江宁区·秣陵,戎光科技,"计算机软件,未融资,100-499人",Java开发工程师,"3-5年,本科","分布式技术,微服务架构,MVC开发,Spring,SpringBoot,Redis,MySQL,架构师",11-20K·14薪
南京·秦淮区·光华路,元数科技,"计算机软件,天使轮,500-999人",Java开发工程师,"3-5年,本科","Java,SpringCloud,Spring,MyBatis,Redis,MySQL",20-30K
南京·秦淮区·夫子庙,济南聚仁,"计算机软件,100-499人",java开发工程师,"3-5年,大专","Java,SQL,Spring,分布式技术,搜索引擎技术,MySQL,Redis,后端开发",8-13K
南京·建邺区·文体路,鲲跃云,"计算机服务,未融资,20-99人",java开发工程师,"3-5年,本科","后端工程师,Java,Redis,MongoDB,计算机/软件工程相关经验,Java开发经验",10-13K
南京·雨花台区·铁心桥,好课多,"移动互联网,20-99人",Java开发工程师,"经验不限,本科","后端工程师,Java,Redis,Spring",10-15K·13薪
南京·栖霞区·马群,南京博管,"企业服务,未融资,20-99人",Java开发工程师,"1-3年,本科","SQL,HTML,多线程,服务器配置,网络协议,MVC开发,Spring,Hibernate",13-18K
南京·玄武区·徐庄软件园,南京先极科技有限公司,"计算机软件,不需要融资,20-99人",JAVA开发工程师,"3-5年,学历不限",Java,16-25K
南京·鼓楼区·龙江,罕华,"仪器仪表/工业自动化,未融资,20-99人",Java开发工程师,"1-3年,本科","Linux,Oracle,MySQL,SSM",11-16K
南京·浦口区·沿江,润卡,"计算机软件,0-20人",JAVA开发工程师,"3-5年,学历不限","Java,JavaScript,SQL,HTML,Spring,SpringMVC,Mybatis,MySQL",8-13K
南京·雨花台区·宁南,闻闻链商,"互联网,未融资,100-499人",JAVA开发工程师,"1-3年,本科","HTML,Python,分布式技术,多线程,服务器配置,MVC开发,搜索引擎技术,Spring",5-10K
南京·浦口区·江浦,南京金理念,"计算机软件,未融资,20-99人",Java开发工程师,"3-5年,大专","Spring,后端开发,软件工程师",7-10K
南京·雨花台区·小行,华为,"计算机软件,不需要融资,10000人以上",Java开发工程师,"3-5年,本科","SQL,SpringBoot,MySQL,后端开发,Maven,软件工程师,Spring,多线程",16-30K·14薪
南京·江宁区·秣陵,浩朔科技,"计算机软件,20-99人",Java开发工程师,"3-5年,本科",英语,7-10K
南京·雨花台区·铁心桥,星赫能源科技,"计算机软件,未融资,20-99人",Java开发工程师,"1-3年,本科","Java,Spring,MyBatis,Linux",8-13K·13薪
南京·鼓楼区·华侨路,博晟宇,"计算机软件,未融资,100-499人",java开发工程师,"3-5年,本科","Java开发经验,Java,后端工程师",11-20K·14薪
南京·建邺区·奥体,南京道生,"企业服务,天使轮,0-20人",JAVA开发工程师,"3-5年,本科","SQL,网络协议,Spring,SpringMVC,MySQL",15-20K
南京·栖霞区·新港开发区,南京摩然商贸有限公司,"食品/饮料/烟酒,未融资,20-99人",java开发工程师,"3-5年,本科","Java,SpringCloud,Spring,Kafka,MySQL,Oracle,Redis,大数据经验,不接受居家办公",9-14K
南京·江宁区·东善桥,南京科沃云计算,"计算机软件,0-20人",Java开发工程师,"1-3年,本科","Java,分布式技术,服务器配置,微服务架构,负载均衡技术,Spring,Netty,Redis",5-10K
南京·浦口区·江浦,阡陌数字,"互联网,A轮,20-99人",Java开发工程师,"5-10年,本科","SQL,HTML,Python,Shell,CSS,服务器配置,网络协议,Socket技术",12-21K
南京·雨花台区·铁心桥,SHEIN,"电子商务,D轮及以上,10000人以上",JAVA开发工程师,"3-5年,本科","Java,Spring,MySQL",15-20K·14薪
南京·雨花台区·安德门,南京万之象,"计算机软件,不需要融资,0-20人",java开发工程师,"3-5年,本科",Java,10-15K
南京·建邺区·奥体,南京多邦软件有限公司,"互联网,未融资,20-99人",java开发工程师,"3-5年,本科",Java,10-15K
南京·江宁区·开发区,南京雄迈,"计算机服务,不需要融资,20-99人",Java开发工程师,"3-5年,本科","后端工程师,Java",11-15K
南京·建邺区·江东,谐云,"计算机软件,B轮,100-499人",JAVA开发工程师,"3-5年,本科","Java,Spring,SpringCloud,Dubbo,MySQL,MongoDB,SQL Server",11-18K
南京·玄武区·珠江路,明天惠选,"电子商务,不需要融资,0-20人",Java开发工程师,"1-3年,本科","PHP,HTML,CSS,SQL,网络协议,全栈开发,Windows,Linux",12-16K
南京·栖霞区·马群,四海一家科技,"互联网,A轮,500-999人",java开发工程师,"1-3年,本科","后端工程师,Java,Java开发经验,中大型项目架构设计经验",9-14K
南京·玄武区·樱驼花园,创意明科技,"计算机服务,0-20人",Java开发工程师,"3-5年,本科","多线程,服务器配置,数据结构,Spring,SpringMVC,MySQL,Redis,Java",8-12K
南京·雨花台区·铁心桥,阳光电源,"新能源,1000-9999人",java开发工程师,"5-10年,本科","后端工程师,Java,Java开发经验,分布式系统开发经验,大数据处理经验",17-25K·15薪
南京·江宁区·东善桥,中新赛克,"通信/网络设备,已上市,1000-9999人",Java开发工程师,"3-5年,本科","PostgreSQL,后端开发,SSM,SpringBoot,Spring,大数据,Linux,Redis",10-15K
南京,云几何,"计算机软件,20-99人",Java开发工程师,"3-5年,本科","后端工程师,MongoDB,Java,MySQL,Java开发经验,计算机/软件工程相关经验,MySQL,微服务架构,多线程,软件工程师,MongoDB,后端开发,Oracle,SQL",15-20K
南京·秦淮区·夫子庙,南京百年银行设备,"智能硬件,20-99人",Java开发工程师,"3-5年,大专","Java,HTML,SQL,Spring,Eclipse,Maven,SpringBoot",10-16K
南京·江宁区·百家湖,极目大数据,"计算机软件,不需要融资,20-99人",Java开发工程师,"3-5年,本科","后端开发,Linux,全栈开发",8-12K
南京·雨花台区·南京南站,华为终端有限公司,"通信/网络设备,不需要融资,10000人以上",java开发工程师,"经验不限,本科","分布式技术,Spring,Redis,MySQL,SpringBoot,HTML,CSS",20-35K
南京·雨花台区·安德门,京东数字科技,"互联网,B轮,1000-9999人",java开发工程师,"3-5年,本科",Java,15-25K·14薪
南京·江宁区·秣陵,网藤科技,"信息安全,B轮,100-499人",Java开发工程师,"在校/应届,本科","后端工程师,Java,Java开发经验",9-11K
南京·江宁区·秣陵,衍构IUNGO,"计算机软件,未融资,0-20人",Java开发工程师,"3-5年,本科","Java,SQL,Spring,分布式技术,MySQL,Redis,Oracle,Memcached",14-18K
南京,南京泰辰,"通信/网络设备,未融资,0-20人",JAVA开发工程师,"3-5年,大专","后端工程师,Java",11-18K
南京,江苏多邦云,"计算机软件,未融资,20-99人",Java开发工程师,"3-5年,大专","Spring,后端开发,服务器端开发,Linux,IDEA,Maven,软件工程师",14-16K·13薪
南京·江宁区·九龙湖,南京圣讯科技,"计算机软件,不需要融资,0-20人",Java开发工程师,"1-3年,大专",后端开发,10-12K
南京·秦淮区·新街口,乐达,"计算机软件,未融资,0-20人",Java开发工程师,"1-3年,本科","计算机软件,SQL,微服务架构,Redis,MySQL,Linux,后端开发,SpringBoot",10-15K·13薪
南京·江宁区·东善桥,华成峰科技,"计算机软件,不需要融资,500-999人",java开发工程师,"3-5年,本科","Java,Spring,MySQL,分布式经验",11-18K
南京·雨花台区·铁心桥,IRIETS,"计算机软件,0-20人",Java开发工程师,"3-5年,本科","分布式技术,网络协议,多线程,SpringBoot,Spring,GIT,Maven,NoSQL",10-12K
南京·建邺区·奥体,鼎航,"互联网,未融资,100-499人",Java开发工程师,"3-5年,大专","Java,Linux,全栈开发,微服务架构,多线程,软件工程师,MySQL,Redis",11-20K
南京·江宁区·开发区,邦筹,"电子商务,不需要融资,20-99人",java开发工程师,"1-3年,大专",MVC开发,5-8K
南京·玄武区·丹凤街,北京金水南京分公司,"计算机服务,0-20人",Java开发工程师,"经验不限,本科","HTML,CSS,SpringBoot,Spring,Oracle,MySQL",8-10K
南京·浦口区·江浦,启业云,"互联网,D轮及以上,100-499人",Java开发工程师,"5-10年,本科","分布式技术,微服务架构,消息队列",15-25K
南京·江宁区·岔路口,上扬软件,"计算机软件,C轮,100-499人",java开发工程师,"3-5年,本科","Java,Spring",11-20K·15薪
南京·江宁区·麒麟镇,江苏叁拾叁,"企业服务,未融资,100-499人",JAVA开发工程师,"1-3年,本科","SQL,数据结构,架构师,初级软件工程师,Spring,PostgreSQL,MySQL,Redis",8-12K
南京·江宁区·东山,南京鸣赫公司,"通信/网络设备,0-20人",Java开发工程师,"3-5年,本科","Java,不接受居家办公,分布式技术,SpringMVC,Redis,后端工程师,Spring,计算机/软件工程相关经验,Java开发经验,NoSQL,MySQL,微服务架构,MongoDB",12-24K
南京·秦淮区·夫子庙,升源聚业科技,"计算机软件,未融资,20-99人",java开发工程师,"3-5年,本科","后端工程师,Java",13-20K
南京·浦口区·高新区,圣唯思,"计算机软件,未融资,100-499人",Java开发工程师,"1年以内,本科","后端工程师,Java",6-8K
南京·浦口区·顶山,南京前瞻软件科技,"电力/热力/燃气/水利,0-20人",JAVA开发工程师,"3-5年,大专","Java开发经验,Java,全栈工程师,JavaScript,MyBatis,接受居家办公,后端开发,数据库",10-14K·13薪
南京·江宁区·百家湖,瓦丁科技,"互联网,20-99人",JAVA开发工程师,"3-5年,大专",Java,12-15K
南京·江宁区·秣陵,万物智汇,"企业服务,不需要融资,100-499人",Java开发工程师,"经验不限,本科","MES开发经验,Java,Nginx,物联网经验,接受无前端经验/技能,分布式技术,Redis,SpringBoot,SQL,负载均衡技术,MySQL,MyBatis,算法设计,MongoDB,架构设计经验,后端开发,大数据",12-20K·15薪
南京·玄武区·中央路,郁金香健康医疗科技,"医疗服务,未融资,20-99人",java开发工程师,"10年以上,本科","Java,C,Spring,SpringCloud,MyBatis,MySQL,Redis",10-15K
南京·江宁区·胜太路,北京天润融通,"计算机软件,已上市,500-999人",Java开发工程师,"3-5年,本科","Java,Spring,SpringCloud,MyBatis,MySQL,Redis",15-25K·13薪
南京·鼓楼区·中央门,邦道科技,"企业服务,不需要融资,1000-9999人",JAVA开发工程师,"5-10年,大专","Java,分布式技术,微服务架构,spring,dubbo,spring cloud",11-20K·16薪
南京·建邺区·建邺万达,立趣,"计算机软件,A轮,20-99人",Java开发工程师,"1-3年,本科","HTML,CSS,SQL,网络协议,Spring,Dubbo,Oracle",7-12K·13薪
南京·栖霞区·马群,南京朗环信息技术,"电子商务,未融资,20-99人",JAVA开发工程师,"5-10年,本科","SSM,Redis,MySQL,Oracle,SQL Server,后端开发,全栈开发,WEB开发",10-15K
南京·鼓楼区·中央路,葛南实业,"智能硬件,不需要融资,20-99人",Java开发工程师,"1-3年,本科","后端工程师,计算机/软件工程相关经验,Java,Redis,Pgsql",9-14K·13薪
南京·浦口区·江浦,星驰科技,"互联网,未融资,20-99人",Java开发工程师,"1-3年,本科","Java,CSS,Spring,MySQL,全栈开发,Web端,SVN,Eclipse",8-12K
南京·鼓楼区·小市,场景通智能科技有...,"移动互联网,未融资,0-20人",Java开发工程师,"3-5年,大专","物联网经验,Nginx,Java,MySQL,Javascript,后端开发,ERP开发经验",7-10K
南京·鼓楼区·湖南路,风暴云科技,"移动互联网,20-99人",Java开发工程师,"1-3年,本科","微服务架构,SpringBoot,MySQL,后端开发,服务器端开发,企业级应用开发",11-22K
南京·秦淮区·洪家园,天基空间,"智能硬件,未融资,20-99人",Java开发工程师,"3-5年,本科",后端开发,13-17K
南京·浦口区·江浦,南京市时间弧网络科技,"互联网,20-99人",java开发工程师,"3-5年,本科","后端工程师,Java,Spring,Python,不接受居家办公",13-18K
南京·雨花台区·安德门,华为技术武研所,"通信/网络设备,不需要融资,10000人以上",java开发工程师,"经验不限,本科","Java,Dubbo,Zookeeper,Kafka,MySQL,MongoDB,Redis,架构设计经验,分布式经验,985/211/双一流",15-30K·14薪
南京·建邺区·奥体,恒宝,"互联网金融,已上市,1000-9999人",Java开发工程师,"3-5年,本科",Java,15-20K
南京·江宁区·百家湖,鼎捷软件,"计算机软件,已上市,1000-9999人",java开发工程师,"3-5年,本科",Java,15-20K·13薪
南京·雨花台区·铁心桥,微堃信息,"在线教育,天使轮,20-99人",Java开发工程师,"3-5年,大专","Java,全栈工程师,分布式技术,多线程,Redis,Spring,后端工程师",15-23K·14薪
南京·雨花台区·铁心桥,VTC云直播,"互联网,不需要融资,20-99人",java开发工程师,"经验不限,学历不限","分布式技术,流媒体技术,音视频编解码,Struts,SpringBoot,MySQL,后端开发",8-13K·13薪
南京·鼓楼区·华侨路,润易联,"计算机软件,未融资,20-99人",JAVA开发工程师,"1-3年,本科","分布式技术,服务器配置,Spring,Redis,Eclipse",9-14K
南京·雨花台区·安德门,南京全鸿,"计算机软件,不需要融资,0-20人",Java开发工程师,"1-3年,本科","Java开发经验,全栈工程师,Java,MySQL,消息队列,Redis,MVC开发,物联网,Spring,后端开发,计算机/软件工程相关经验,SQL",6-11K
南京·浦口区·江浦,致云科技,"计算机软件,未融资,20-99人",Java开发工程师,"1-3年,本科","SpringBoot,Spring,Dubbo,MySQL,后端开发,Linux,软件工程师,中级软件工程师",10-15K·13薪
南京·江宁区·南京南站,申石软件,"计算机软件,不需要融资,20-99人",JAVA开发工程师,"1-3年,学历不限","HTML,CSS,服务器配置,MVC开发,Spring,Redis,MySQL",8-13K
南京·鼓楼区·凤凰西街,高伟达公司,"计算机软件,已上市,1000-9999人",java开发工程师,"3-5年,本科","后端工程师,Java,Spring,计算机/软件工程相关经验",11-20K
南京·江宁区·岔路口,南京鑫腾,"游戏,未融资,20-99人",Java开发工程师,"3-5年,本科","SQL,MVC开发,Spring,SpringBoot,Redis",13-17K
南京·鼓楼区·汉中门,南大智能,"计算机软件,未融资,100-499人",Java开发工程师,"经验不限,本科","多线程,数据结构,消息队列,Netty,MySQL,Redis",7-12K·13薪
南京·栖霞区·仙鹤门,中智尚联（北京）...,"移动互联网,未融资,20-99人",java开发工程师,"3-5年,本科",Java,10-15K
南京·玄武区·徐庄软件园,因坦利,"计算机软件,0-20人",Java开发工程师,"1-3年,大专","Java,Java开发经验",8-10K
南京·建邺区·奥体,阿里巴巴集团,"互联网,已上市,10000人以上",Java开发工程师,"在校/应届,本科","Shell,SQL,CSS,微服务架构,初级软件工程师,后端开发,Spring,IDEA",20-40K·16薪
南京·雨花台区·铁心桥,海云数据,"互联网,B轮,500-999人",java开发工程师,"3-5年,本科","mybatis,springmvc,linux",12-18K
南京·建邺区·雨润大街,万得资讯,"互联网,不需要融资,1000-9999人",Java开发工程师,"5-10年,本科","Java,分布式经验,SpringCloud,Kafka,接受无前端经验/技能,分布式技术,Redis,SpringBoot,数据结构,HBase,Elasticsearch,微服务经验,负载均衡技术,多线程,架构设计经验,Oracle",15-30K·14薪
南京·建邺区·奥体,泽超文化,"其他消费品,不需要融资,100-499人",Java开发工程师,"3-5年,本科","Java,SpringCloud,MyBatis,MySQL,NoSQL,分布式技术,多线程,Netty,后端开发,Spring,Oracle",11-15K
address,company,company_info,job_name,job_time,need,salary,skill_tags
南京·雨花台区·南京南站,华为技术有限公司,"计算机软件,不需要融资,10000人以上",德科OD 南京 JAVA开发工程,"经验不限,本科",,15-25K,"Python,微服务架构,Spring,Oracle,MySQL"
南京·建邺区·奥体,阿里巴巴集团,"互联网,已上市,10000人以上",Java开发工程师/Java架构师,"经验不限,本科",,25-50K,"Java,Spring,Dubbo,分布式技术,Redis,后端开发,大数据"
南京·雨花台区·南京南站,华为技术有限公司,"计算机软件,不需要融资,10000人以上",Java开发工程师(研发OD招聘),"经验不限,本科",,15-30K·15薪,Java
南京·建邺区·江东,小米,"互联网,已上市,10000人以上",高级Java开发工程师（研发平台）,"3-5年,本科",,20-40K·16薪,"不接受居家办公,Java,Spring,MyBatis,Nginx,MySQL,Redis,Spark,架构设计经验,分布式经验,微服务经验"
南京·雨花台区·铁心桥,众能联合,"互联网,D轮及以上,1000-9999人",Java高级开发工程师（业财研发工程师）,"5-10年,本科",,26-40K·15薪,"业财,财务"
南京,叮东网络科技,"移动互联网,未融资,20-99人",Java 开发工程师,"1-3年,本科",,5-8K,"SQL,多线程,Spring,SpringMVC,SpringBoot,Oracle"
南京·栖霞区·亚东,muspard,"智能硬件,0-20人",Java 开发工程师,"5-10年,本科",,12-18K,"Java,Javascript,JS"
南京·鼓楼区·华侨路,德风科技,"计算机软件,B轮,500-999人",JAVA 开发工程师,"3-5年,本科",,11-20K,"MVC开发,服务器配置,搜索引擎技术,Java"
南京·江宁区·九龙湖,粒聚科技,"计算机软件,A轮,20-99人",JAVA 开发工程师,"3-5年,本科",,15-20K,"微服务架构,SpringBoot,MySQL,后端开发,物联网,中级软件工程师,SaaS"
南京·雨花台区·南京南站,丹卓科技,"企业服务,0-20人",Java 开发工程师,"3-5年,大专",,8-13K,"HTML,CSS"
南京·雨花台区·铁心桥,信息科技,"计算机软件,0-20人",Java 开发工程师,"5-10年,本科",,15-30K,架构师
南京·鼓楼区·山西路,三合协鼎,"企业服务,不需要融资,0-20人",Java 开发工程师,"3-5年,本科",,10-15K,"不接受居家办公,Java,Spring,MySQL,Redis,团队管理经验,架构设计经验,大数据经验"
南京·秦淮区·光华路,华设,"建筑设计,已上市,1000-9999人",Java 中级开发工程师,"1-3年,本科",,10-15K,"后端工程师,Java,计算机/软件工程相关经验,Java开发经验,统招本科"
南京·江宁区·九龙湖,音飞集团,"机械设备/机电/重工,已上市,500-999人",JAVA 高级开发工程师,"1-3年,本科",,8-13K·14薪,"Java,ERP,MES,Flutter"
南京·建邺区·奥体,麟珅科技,"计算机软件,未融资,0-20人",Java 资深开发工程师,"3-5年,本科",,15-20K·15薪,"后端工程师,Java,Spring,Java开发经验"
南京·鼓楼区·幕府山,图治科技,"互联网,A轮,20-99人",Java Web开发工程师,"5-10年,本科",,15-25K·13薪,"Java,后端开发,Spring,Mybatis,Dubbo,Socket技术,MySQL,SaaS"
南京·六合区·大厂,基蛋生物,"医疗健康,不需要融资,1000-9999人",java web开发工程师,"经验不限,本科",,8-13K,"Java,Spring,Spark,分布式技术,服务器配置,MySQL,全栈开发,GIT"
南京·江宁区·东山,镇江九桌信息技术,"计算机软件,未融资,20-99人",Java SpringBoot 开发工程师,"5-10年,大专",,10-15K,"Java,Spring,SpringCloud,Hibernate,MySQL,Redis"
南京·玄武区·徐庄软件园,苏宁易购,"电子商务,已上市,10000人以上",Java web开发工程师,"3-5年,本科",,15-30K·14薪,"软件工程师,Spring,后端开发,Java,HBase,Redis,搜索引擎技术,分布式技术"
南京·江宁区·百家湖,天恒供应链,"交通/运输,天使轮,20-99人",Java 后端开发工程师,"1-3年,本科",,12-24K,"C/C++,后端开发,Java"
南京·雨花台区·安德门,中电金信,"计算机软件,B轮,10000人以上",Java 后端开发工程师,"在校/应届,本科",,6-7K,"Java,Spring,MySQL"
南京·江宁区·秣陵,清湛人智院,"计算机软件,不需要融资,100-499人",Java web后端开发工程师,"1-3年,本科",,11-16K,"数据库,后端开发,Java"
南京·雨花台区·安德门,华为,"计算机软件,不需要融资,10000人以上",JAVA 高级软件开发工程师,"3-5年,本科",,20-40K,"Hadoop,Java,数据库"
南京·建邺区·南苑,伟创达,"智能硬件,不需要融资,20-99人",JAVA 后端开发工程师,"1-3年,大专",,5-10K,"Java,jquery,MYSQL"
南京·江宁区·开发区,国网电科院,"电力/热力/燃气/水利,已上市,10000人以上",Java B/S系统开发工程师,"3-5年,硕士",,15-16K,"Java开发经验,不接受居家办公,后端工程师,Spring"
南京·鼓楼区·南大,我辈扬江苏云计算,"互联网,0-20人",中级/高级 Java 开发工程师,"1-3年,本科",,7-12K,"后端工程师,Java,Spring,计算机/软件工程相关经验,Java开发经验"
南京·建邺区·奥体,澎临,"计算机软件,未融资,0-20人",Java WEB开发工程师（2人）,"1-3年,本科",,8-12K,"HTML,CSS,WEB开发"
南京·浦口区·泰山,南京云昇,"计算机软件,已上市,500-999人",JAVA开发工程师,"5-10年,本科",,15-20K,Java
南京·鼓楼区·中央门,欧根科技,"计算机软件,20-99人",Java开发工程师,"3-5年,本科",,8-11K,"分布式技术,多线程,Spring,Dubbo,SpringCloud,MySQL,Oracle,SQL"
南京·江宁区·九龙湖,科远智慧,"仪器仪表/工业自动化,已上市,1000-9999人",Java开发工程师,"5-10年,本科",,13-26K·15薪,"全栈工程师,Java,计算机/软件工程相关经验,MES,ERP,EAM"
南京·雨花台区·南京南站,华为技术有限公司,"计算机软件,不需要融资,10000人以上",德科OD 南京 JAVA开发工程,"经验不限,本科",1.熟练掌握开发知识技能，JAVA/Python等编程语言熟练掌握一种或一种以上；,15-25K,"Python,微服务架构,Spring,Oracle,MySQL"
南京·江宁区·东山,镇江九桌信息技术,"计算机软件,未融资,20-99人",Java SpringBoot 开发工程师,"5-10年,大专",没有做过社交项目的不要投简历。,10-15K,"Java,Spring,SpringCloud,Hibernate,MySQL,Redis"
南京·六合区·大厂,基蛋生物,"医疗健康,不需要融资,1000-9999人",java web开发工程师,"经验不限,本科",工作职责： ,8-13K,"Java,Spring,Spark,分布式技术,服务器配置,MySQL,全栈开发,GIT"
南京·鼓楼区·幕府山,图治科技,"互联网,A轮,20-99人",Java Web开发工程师,"5-10年,本科",1、计算机相关专业本科及以上学历，5年以上Java Web开发经验;,15-25K·13薪,"Java,后端开发,Spring,Mybatis,Dubbo,Socket技术,MySQL,SaaS"
南京·建邺区·奥体,麟珅科技,"计算机软件,未融资,0-20人",Java 资深开发工程师,"3-5年,本科",职位要求：,15-20K·15薪,"后端工程师,Java,Spring,Java开发经验"
南京·江宁区·九龙湖,音飞集团,"机械设备/机电/重工,已上市,500-999人",JAVA 高级开发工程师,"1-3年,本科",岗位职责: ,8-13K·14薪,"Java,ERP,MES,Flutter"
南京·秦淮区·光华路,华设,"建筑设计,已上市,1000-9999人",Java 中级开发工程师,"1-3年,本科",职责描述,10-15K,"后端工程师,Java,计算机/软件工程相关经验,Java开发经验,统招本科"
南京·鼓楼区·山西路,三合协鼎,"企业服务,不需要融资,0-20人",Java 开发工程师,"3-5年,本科",名称：Java 开发工程师,10-15K,"不接受居家办公,Java,Spring,MySQL,Redis,团队管理经验,架构设计经验,大数据经验"
南京·江宁区·九龙湖,科远智慧,"仪器仪表/工业自动化,已上市,1000-9999人",Java开发工程师,"5-10年,本科",1、管控软件产品需求分析、设计、开发，按时保质完成软件开发项目；,13-26K·15薪,"全栈工程师,Java,计算机/软件工程相关经验,MES,ERP,EAM"
南京·鼓楼区·中央门,欧根科技,"计算机软件,20-99人",Java开发工程师,"3-5年,本科",岗位职责:,8-11K,"分布式技术,多线程,Spring,Dubbo,SpringCloud,MySQL,Oracle,SQL"
南京·浦口区·泰山,南京云昇,"计算机软件,已上市,500-999人",JAVA开发工程师,"5-10年,本科",开发能力要求 ,15-20K,Java
南京·建邺区·奥体,澎临,"计算机软件,未融资,0-20人",Java WEB开发工程师（2人）,"1-3年,本科",1. 计算机及相关专业本科毕业，2年及以上Web开发经验；,8-12K,"HTML,CSS,WEB开发"
南京·鼓楼区·南大,我辈扬江苏云计算,"互联网,0-20人",中级/高级 Java 开发工程师,"1-3年,本科",岗位要求：,7-12K,"后端工程师,Java,Spring,计算机/软件工程相关经验,Java开发经验"
南京·江宁区·开发区,国网电科院,"电力/热力/燃气/水利,已上市,10000人以上",Java B/S系统开发工程师,"3-5年,硕士",岗位职责：,15-16K,"Java开发经验,不接受居家办公,后端工程师,Spring"
南京·建邺区·南苑,伟创达,"智能硬件,不需要融资,20-99人",JAVA 后端开发工程师,"1-3年,大专",岗位职责：,5-10K,"Java,jquery,MYSQL"
南京·雨花台区·安德门,华为,"计算机软件,不需要融资,10000人以上",JAVA 高级软件开发工程师,"3-5年,本科",JAVA 高级软件开发工程师,20-40K,"Hadoop,Java,数据库"
南京·江宁区·秣陵,清湛人智院,"计算机软件,不需要融资,100-499人",Java web后端开发工程师,"1-3年,本科","1.三年以上java工程师，熟悉springmvc,springboot,vue,elemen优先,对数据抓取，模拟登录等网站技术者优先。对云原生技术有经验为佳。熟悉k8s为佳。",11-16K,"数据库,后端开发,Java"
南京·雨花台区·安德门,中电金信,"计算机软件,B轮,10000人以上",Java 后端开发工程师,"在校/应届,本科",1.参与产品需求分析和系统设计，理解业务需求并将其转化为可实现的技术方案。,6-7K,"Java,Spring,MySQL"
南京·江宁区·百家湖,天恒供应链,"交通/运输,天使轮,20-99人",Java 后端开发工程师,"1-3年,本科",工作职责：,12-24K,"C/C++,后端开发,Java"
南京·玄武区·徐庄软件园,苏宁易购,"电子商务,已上市,10000人以上",Java web开发工程师,"3-5年,本科",负责苏宁易购搜索后台相关设计、开发工作,15-30K·14薪,"软件工程师,Spring,后端开发,Java,HBase,Redis,搜索引擎技术,分布式技术"
南京·雨花台区·铁心桥,信息科技,"计算机软件,0-20人",Java 开发工程师,"5-10年,本科",工作职责：,15-30K,架构师
南京·雨花台区·南京南站,丹卓科技,"企业服务,0-20人",Java 开发工程师,"3-5年,大专",岗位职责：,8-13K,"HTML,CSS"
南京·江宁区·九龙湖,粒聚科技,"计算机软件,A轮,20-99人",JAVA 开发工程师,"3-5年,本科",岗位职责：,15-20K,"微服务架构,SpringBoot,MySQL,后端开发,物联网,中级软件工程师,SaaS"
南京·鼓楼区·华侨路,德风科技,"计算机软件,B轮,500-999人",JAVA 开发工程师,"3-5年,本科",1、根据设计方案，进行技术分析实现代码设计；,11-20K,"MVC开发,服务器配置,搜索引擎技术,Java"
南京·栖霞区·亚东,muspard,"智能硬件,0-20人",Java 开发工程师,"5-10年,本科",岗位职责：,12-18K,"Java,Javascript,JS"
南京,叮东网络科技,"移动互联网,未融资,20-99人",Java 开发工程师,"1-3年,本科",职位信息,5-8K,"SQL,多线程,Spring,SpringMVC,SpringBoot,Oracle"
南京·雨花台区·铁心桥,众能联合,"互联网,D轮及以上,1000-9999人",Java高级开发工程师（业财研发工程师）,"5-10年,本科",岗位描述,26-40K·15薪,"业财,财务"
南京·建邺区·江东,小米,"互联网,已上市,10000人以上",高级Java开发工程师（研发平台）,"3-5年,本科",职位描述,20-40K·16薪,"不接受居家办公,Java,Spring,MyBatis,Nginx,MySQL,Redis,Spark,架构设计经验,分布式经验,微服务经验"
南京·雨花台区·南京南站,华为技术有限公司,"计算机软件,不需要融资,10000人以上",Java开发工程师(研发OD招聘),"经验不限,本科",OD高端合作研发人员，待遇及奖金与华为正式员工相同，劳动合同方为外企德科。对口部门为华为车BU，主要做华为智能座舱业务。,15-30K·15薪,Java
南京·建邺区·奥体,阿里巴巴集团,"互联网,已上市,10000人以上",Java开发工程师/Java架构师,"经验不限,本科",阿里集团客户体验事业群旨在建立更高的客户服务标准，让客户在阿里享受到最“爽”的服务，让“客户第一”成为阿里的百年口碑。客户体验产品技术部作为支撑全网服务的产品技术团队，希望通过我们的产品、数据、技术去提升阿里集团服务几亿客户的能力，提升全网客户体验。这里是最能听到“炮火”的地方，可以通过我们的努力，最直接的看到产品的改善。在这里可以接触第一手的大数据。这是一个以用户为中心的多角色无边界团队，一个有梦想的欢乐团队，一个能近距离感受用户温度的团队。无论你是何种角色，只要站在用户的角度思考问题，你的意见都有机会被采纳实施，去产品中落地。关于用户体验的经验和妙想会得到重视，可以站在集团层面，推动与解决难以落地的用户问题。,25-50K,"Java,Spring,Dubbo,分布式技术,Redis,后端开发,大数据"
address,company,company_info,job_name,job_time,need,salary,skill_tags
南京·雨花台区·南京南站,华为技术有限公司,"计算机软件,不需要融资,10000人以上",德科OD 南京 JAVA开发工程,"经验不限,本科",,15-25K,"Python,微服务架构,Spring,Oracle,MySQL"
南京·建邺区·奥体,阿里巴巴集团,"互联网,已上市,10000人以上",Java开发工程师/Java架构师,"经验不限,本科",,25-50K,"Java,Spring,Dubbo,分布式技术,Redis,后端开发,大数据"
南京·雨花台区·南京南站,华为技术有限公司,"计算机软件,不需要融资,10000人以上",Java开发工程师(研发OD招聘),"经验不限,本科",,15-30K·15薪,Java
南京·建邺区·江东,小米,"互联网,已上市,10000人以上",高级Java开发工程师（研发平台）,"3-5年,本科",,20-40K·16薪,"不接受居家办公,Java,Spring,MyBatis,Nginx,MySQL,Redis,Spark,架构设计经验,分布式经验,微服务经验"
南京·雨花台区·铁心桥,众能联合,"互联网,D轮及以上,1000-9999人",Java高级开发工程师（业财研发工程师）,"5-10年,本科",,26-40K·15薪,"业财,财务"
南京,叮东网络科技,"移动互联网,未融资,20-99人",Java 开发工程师,"1-3年,本科",,5-8K,"SQL,多线程,Spring,SpringMVC,SpringBoot,Oracle"
南京·栖霞区·亚东,muspard,"智能硬件,0-20人",Java 开发工程师,"5-10年,本科",,12-18K,"Java,Javascript,JS"
南京·鼓楼区·华侨路,德风科技,"计算机软件,B轮,500-999人",JAVA 开发工程师,"3-5年,本科",,11-20K,"MVC开发,服务器配置,搜索引擎技术,Java"
南京·江宁区·九龙湖,粒聚科技,"计算机软件,A轮,20-99人",JAVA 开发工程师,"3-5年,本科",,15-20K,"微服务架构,SpringBoot,MySQL,后端开发,物联网,中级软件工程师,SaaS"
南京·鼓楼区·山西路,三合协鼎,"企业服务,不需要融资,0-20人",Java 开发工程师,"3-5年,本科",,10-15K,"不接受居家办公,Java,Spring,MySQL,Redis,团队管理经验,架构设计经验,大数据经验"
南京·雨花台区·铁心桥,信息科技,"计算机软件,0-20人",Java 开发工程师,"5-10年,本科",,15-30K,架构师
南京·雨花台区·南京南站,丹卓科技,"企业服务,0-20人",Java 开发工程师,"3-5年,大专",,8-13K,"HTML,CSS"
南京·秦淮区·光华路,华设,"建筑设计,已上市,1000-9999人",Java 中级开发工程师,"1-3年,本科",,10-15K,"后端工程师,Java,计算机/软件工程相关经验,Java开发经验,统招本科"
南京·建邺区·奥体,麟珅科技,"计算机软件,未融资,0-20人",Java 资深开发工程师,"3-5年,本科",,15-20K·15薪,"后端工程师,Java,Spring,Java开发经验"
南京·江宁区·九龙湖,音飞集团,"机械设备/机电/重工,已上市,500-999人",JAVA 高级开发工程师,"1-3年,本科",,8-13K·14薪,"Java,ERP,MES,Flutter"
南京·鼓楼区·幕府山,图治科技,"互联网,A轮,20-99人",Java Web开发工程师,"5-10年,本科",,15-25K·13薪,"Java,后端开发,Spring,Mybatis,Dubbo,Socket技术,MySQL,SaaS"
南京·六合区·大厂,基蛋生物,"医疗健康,不需要融资,1000-9999人",java web开发工程师,"经验不限,本科",,8-13K,"Java,Spring,Spark,分布式技术,服务器配置,MySQL,全栈开发,GIT"
南京·江宁区·东山,镇江九桌信息技术,"计算机软件,未融资,20-99人",Java SpringBoot 开发工程师,"5-10年,大专",,10-15K,"Java,Spring,SpringCloud,Hibernate,MySQL,Redis"
南京·雨花台区·安德门,中电金信,"计算机软件,B轮,10000人以上",Java 后端开发工程师,"在校/应届,本科",,6-7K,"Java,Spring,MySQL"
南京·江宁区·百家湖,天恒供应链,"交通/运输,天使轮,20-99人",Java 后端开发工程师,"1-3年,本科",,12-24K,"C/C++,后端开发,Java"
南京·江宁区·秣陵,清湛人智院,"计算机软件,不需要融资,100-499人",Java web后端开发工程师,"1-3年,本科",,11-16K,"数据库,后端开发,Java"
南京·雨花台区·安德门,华为,"计算机软件,不需要融资,10000人以上",JAVA 高级软件开发工程师,"3-5年,本科",,20-40K,"Hadoop,Java,数据库"
南京·玄武区·徐庄软件园,苏宁易购,"电子商务,已上市,10000人以上",Java web开发工程师,"3-5年,本科",,15-30K·14薪,"软件工程师,Spring,后端开发,Java,HBase,Redis,搜索引擎技术,分布式技术"
南京·建邺区·南苑,伟创达,"智能硬件,不需要融资,20-99人",JAVA 后端开发工程师,"1-3年,大专",,5-10K,"Java,jquery,MYSQL"
南京·江宁区·开发区,国网电科院,"电力/热力/燃气/水利,已上市,10000人以上",Java B/S系统开发工程师,"3-5年,硕士",,15-16K,"Java开发经验,不接受居家办公,后端工程师,Spring"
南京·鼓楼区·南大,我辈扬江苏云计算,"互联网,0-20人",中级/高级 Java 开发工程师,"1-3年,本科",,7-12K,"后端工程师,Java,Spring,计算机/软件工程相关经验,Java开发经验"
南京·建邺区·奥体,澎临,"计算机软件,未融资,0-20人",Java WEB开发工程师（2人）,"1-3年,本科",,8-12K,"HTML,CSS,WEB开发"
南京·浦口区·泰山,南京云昇,"计算机软件,已上市,500-999人",JAVA开发工程师,"5-10年,本科",,15-20K,Java
南京·鼓楼区·中央门,欧根科技,"计算机软件,20-99人",Java开发工程师,"3-5年,本科",,8-11K,"分布式技术,多线程,Spring,Dubbo,SpringCloud,MySQL,Oracle,SQL"
南京·江宁区·九龙湖,科远智慧,"仪器仪表/工业自动化,已上市,1000-9999人",Java开发工程师,"5-10年,本科",,13-26K·15薪,"全栈工程师,Java,计算机/软件工程相关经验,MES,ERP,EAM"
南京·雨花台区·南京南站,华为技术有限公司,"计算机软件,不需要融资,10000人以上",德科OD 南京 JAVA开发工程,"经验不限,本科",1.熟练掌握开发知识技能，JAVA/Python等编程语言熟练掌握一种或一种以上；,15-25K,"Python,微服务架构,Spring,Oracle,MySQL"
南京·六合区·大厂,基蛋生物,"医疗健康,不需要融资,1000-9999人",java web开发工程师,"经验不限,本科",工作职责： ,8-13K,"Java,Spring,Spark,分布式技术,服务器配置,MySQL,全栈开发,GIT"
南京·鼓楼区·幕府山,图治科技,"互联网,A轮,20-99人",Java Web开发工程师,"5-10年,本科",1、计算机相关专业本科及以上学历，5年以上Java Web开发经验;,15-25K·13薪,"Java,后端开发,Spring,Mybatis,Dubbo,Socket技术,MySQL,SaaS"
南京·江宁区·九龙湖,音飞集团,"机械设备/机电/重工,已上市,500-999人",JAVA 高级开发工程师,"1-3年,本科",岗位职责: ,8-13K·14薪,"Java,ERP,MES,Flutter"
南京·建邺区·奥体,麟珅科技,"计算机软件,未融资,0-20人",Java 资深开发工程师,"3-5年,本科",职位要求：,15-20K·15薪,"后端工程师,Java,Spring,Java开发经验"
南京·秦淮区·光华路,华设,"建筑设计,已上市,1000-9999人",Java 中级开发工程师,"1-3年,本科",职责描述,10-15K,"后端工程师,Java,计算机/软件工程相关经验,Java开发经验,统招本科"
南京·雨花台区·南京南站,丹卓科技,"企业服务,0-20人",Java 开发工程师,"3-5年,大专",岗位职责：,8-13K,"HTML,CSS"
南京·雨花台区·铁心桥,信息科技,"计算机软件,0-20人",Java 开发工程师,"5-10年,本科",工作职责：,15-30K,架构师
南京·江宁区·九龙湖,科远智慧,"仪器仪表/工业自动化,已上市,1000-9999人",Java开发工程师,"5-10年,本科",1、管控软件产品需求分析、设计、开发，按时保质完成软件开发项目；,13-26K·15薪,"全栈工程师,Java,计算机/软件工程相关经验,MES,ERP,EAM"
南京·鼓楼区·中央门,欧根科技,"计算机软件,20-99人",Java开发工程师,"3-5年,本科",岗位职责:,8-11K,"分布式技术,多线程,Spring,Dubbo,SpringCloud,MySQL,Oracle,SQL"
南京·浦口区·泰山,南京云昇,"计算机软件,已上市,500-999人",JAVA开发工程师,"5-10年,本科",开发能力要求 ,15-20K,Java
南京·建邺区·奥体,澎临,"计算机软件,未融资,0-20人",Java WEB开发工程师（2人）,"1-3年,本科",1. 计算机及相关专业本科毕业，2年及以上Web开发经验；,8-12K,"HTML,CSS,WEB开发"
南京·鼓楼区·南大,我辈扬江苏云计算,"互联网,0-20人",中级/高级 Java 开发工程师,"1-3年,本科",岗位要求：,7-12K,"后端工程师,Java,Spring,计算机/软件工程相关经验,Java开发经验"
南京·江宁区·开发区,国网电科院,"电力/热力/燃气/水利,已上市,10000人以上",Java B/S系统开发工程师,"3-5年,硕士",岗位职责：,15-16K,"Java开发经验,不接受居家办公,后端工程师,Spring"
南京·建邺区·南苑,伟创达,"智能硬件,不需要融资,20-99人",JAVA 后端开发工程师,"1-3年,大专",岗位职责：,5-10K,"Java,jquery,MYSQL"
南京·玄武区·徐庄软件园,苏宁易购,"电子商务,已上市,10000人以上",Java web开发工程师,"3-5年,本科",负责苏宁易购搜索后台相关设计、开发工作,15-30K·14薪,"软件工程师,Spring,后端开发,Java,HBase,Redis,搜索引擎技术,分布式技术"
南京·雨花台区·安德门,华为,"计算机软件,不需要融资,10000人以上",JAVA 高级软件开发工程师,"3-5年,本科",JAVA 高级软件开发工程师,20-40K,"Hadoop,Java,数据库"
南京·江宁区·秣陵,清湛人智院,"计算机软件,不需要融资,100-499人",Java web后端开发工程师,"1-3年,本科","1.三年以上java工程师，熟悉springmvc,springboot,vue,elemen优先,对数据抓取，模拟登录等网站技术者优先。对云原生技术有经验为佳。熟悉k8s为佳。",11-16K,"数据库,后端开发,Java"
南京·江宁区·百家湖,天恒供应链,"交通/运输,天使轮,20-99人",Java 后端开发工程师,"1-3年,本科",工作职责：,12-24K,"C/C++,后端开发,Java"
南京·雨花台区·安德门,中电金信,"计算机软件,B轮,10000人以上",Java 后端开发工程师,"在校/应届,本科",1.参与产品需求分析和系统设计，理解业务需求并将其转化为可实现的技术方案。,6-7K,"Java,Spring,MySQL"
南京·江宁区·东山,镇江九桌信息技术,"计算机软件,未融资,20-99人",Java SpringBoot 开发工程师,"5-10年,大专",没有做过社交项目的不要投简历。,10-15K,"Java,Spring,SpringCloud,Hibernate,MySQL,Redis"
南京·鼓楼区·山西路,三合协鼎,"企业服务,不需要融资,0-20人",Java 开发工程师,"3-5年,本科",名称：Java 开发工程师,10-15K,"不接受居家办公,Java,Spring,MySQL,Redis,团队管理经验,架构设计经验,大数据经验"
南京·江宁区·九龙湖,粒聚科技,"计算机软件,A轮,20-99人",JAVA 开发工程师,"3-5年,本科",岗位职责：,15-20K,"微服务架构,SpringBoot,MySQL,后端开发,物联网,中级软件工程师,SaaS"
南京·鼓楼区·华侨路,德风科技,"计算机软件,B轮,500-999人",JAVA 开发工程师,"3-5年,本科",1、根据设计方案，进行技术分析实现代码设计；,11-20K,"MVC开发,服务器配置,搜索引擎技术,Java"
南京·栖霞区·亚东,muspard,"智能硬件,0-20人",Java 开发工程师,"5-10年,本科",岗位职责：,12-18K,"Java,Javascript,JS"
南京,叮东网络科技,"移动互联网,未融资,20-99人",Java 开发工程师,"1-3年,本科",职位信息,5-8K,"SQL,多线程,Spring,SpringMVC,SpringBoot,Oracle"
南京·雨花台区·铁心桥,众能联合,"互联网,D轮及以上,1000-9999人",Java高级开发工程师（业财研发工程师）,"5-10年,本科",岗位描述,26-40K·15薪,"业财,财务"
南京·建邺区·江东,小米,"互联网,已上市,10000人以上",高级Java开发工程师（研发平台）,"3-5年,本科",职位描述,20-40K·16薪,"不接受居家办公,Java,Spring,MyBatis,Nginx,MySQL,Redis,Spark,架构设计经验,分布式经验,微服务经验"
南京·雨花台区·南京南站,华为技术有限公司,"计算机软件,不需要融资,10000人以上",Java开发工程师(研发OD招聘),"经验不限,本科",OD高端合作研发人员，待遇及奖金与华为正式员工相同，劳动合同方为外企德科。对口部门为华为车BU，主要做华为智能座舱业务。,15-30K·15薪,Java
南京·建邺区·奥体,阿里巴巴集团,"互联网,已上市,10000人以上",Java开发工程师/Java架构师,"经验不限,本科",阿里集团客户体验事业群旨在建立更高的客户服务标准，让客户在阿里享受到最“爽”的服务，让“客户第一”成为阿里的百年口碑。客户体验产品技术部作为支撑全网服务的产品技术团队，希望通过我们的产品、数据、技术去提升阿里集团服务几亿客户的能力，提升全网客户体验。这里是最能听到“炮火”的地方，可以通过我们的努力，最直接的看到产品的改善。在这里可以接触第一手的大数据。这是一个以用户为中心的多角色无边界团队，一个有梦想的欢乐团队，一个能近距离感受用户温度的团队。无论你是何种角色，只要站在用户的角度思考问题，你的意见都有机会被采纳实施，去产品中落地。关于用户体验的经验和妙想会得到重视，可以站在集团层面，推动与解决难以落地的用户问题。,25-50K,"Java,Spring,Dubbo,分布式技术,Redis,后端开发,大数据"
address,company,company_info,job_name,job_time,need,salary,skill_tags
南京·雨花台区·南京南站,华为技术有限公司,"计算机软件,不需要融资,10000人以上",德科OD 南京 JAVA开发工程,"经验不限,本科",,15-25K,"Python,微服务架构,Spring,Oracle,MySQL"
南京·建邺区·奥体,阿里巴巴集团,"互联网,已上市,10000人以上",Java开发工程师/Java架构师,"经验不限,本科",,25-50K,"Java,Spring,Dubbo,分布式技术,Redis,后端开发,大数据"
南京·建邺区·江东,小米,"互联网,已上市,10000人以上",高级Java开发工程师（研发平台）,"3-5年,本科",,20-40K·16薪,"不接受居家办公,Java,Spring,MyBatis,Nginx,MySQL,Redis,Spark,架构设计经验,分布式经验,微服务经验"
南京·雨花台区·南京南站,华为技术有限公司,"计算机软件,不需要融资,10000人以上",Java开发工程师(研发OD招聘),"经验不限,本科",,15-30K·15薪,Java
南京·雨花台区·铁心桥,众能联合,"互联网,D轮及以上,1000-9999人",Java高级开发工程师（业财研发工程师）,"5-10年,本科",,26-40K·15薪,"业财,财务"
南京·雨花台区·铁心桥,信息科技,"计算机软件,0-20人",Java 开发工程师,"5-10年,本科",,15-30K,架构师
南京·鼓楼区·山西路,三合协鼎,"企业服务,不需要融资,0-20人",Java 开发工程师,"3-5年,本科",,10-15K,"不接受居家办公,Java,Spring,MySQL,Redis,团队管理经验,架构设计经验,大数据经验"
南京·江宁区·九龙湖,粒聚科技,"计算机软件,A轮,20-99人",JAVA 开发工程师,"3-5年,本科",,15-20K,"微服务架构,SpringBoot,MySQL,后端开发,物联网,中级软件工程师,SaaS"
南京,叮东网络科技,"移动互联网,未融资,20-99人",Java 开发工程师,"1-3年,本科",,5-8K,"SQL,多线程,Spring,SpringMVC,SpringBoot,Oracle"
南京·栖霞区·亚东,muspard,"智能硬件,0-20人",Java 开发工程师,"5-10年,本科",,12-18K,"Java,Javascript,JS"
南京·鼓楼区·华侨路,德风科技,"计算机软件,B轮,500-999人",JAVA 开发工程师,"3-5年,本科",,11-20K,"MVC开发,服务器配置,搜索引擎技术,Java"
南京·雨花台区·南京南站,丹卓科技,"企业服务,0-20人",Java 开发工程师,"3-5年,大专",,8-13K,"HTML,CSS"
南京·江宁区·九龙湖,音飞集团,"机械设备/机电/重工,已上市,500-999人",JAVA 高级开发工程师,"1-3年,本科",,8-13K·14薪,"Java,ERP,MES,Flutter"
南京·六合区·大厂,基蛋生物,"医疗健康,不需要融资,1000-9999人",java web开发工程师,"经验不限,本科",,8-13K,"Java,Spring,Spark,分布式技术,服务器配置,MySQL,全栈开发,GIT"
南京·秦淮区·光华路,华设,"建筑设计,已上市,1000-9999人",Java 高级开发工程师,"5-10年,本科",,18-30K,"后端工程师,Java,Spring,MyBatis,C#,建设管理系统,智慧工地系统"
南京·建邺区·奥体,麟珅科技,"计算机软件,未融资,0-20人",Java 资深开发工程师,"3-5年,本科",,15-20K·15薪,"后端工程师,Java,Spring,Java开发经验"
南京·雨花台区·安德门,中电金信,"计算机软件,B轮,10000人以上",Java 后端开发工程师,"在校/应届,本科",,6-7K,"Java,Spring,MySQL"
南京·江宁区·东山,镇江九桌信息技术,"计算机软件,未融资,20-99人",Java SpringBoot 开发工程师,"5-10年,大专",,10-15K,"Java,Spring,SpringCloud,Hibernate,MySQL,Redis"
南京·鼓楼区·幕府山,图治科技,"互联网,A轮,20-99人",Java Web开发工程师,"5-10年,本科",,15-25K·13薪,"Java,后端开发,Spring,Mybatis,Dubbo,Socket技术,MySQL,SaaS"
南京·玄武区·徐庄软件园,苏宁易购,"电子商务,已上市,10000人以上",Java web开发工程师,"3-5年,本科",,15-30K·14薪,"软件工程师,Spring,后端开发,Java,HBase,Redis,搜索引擎技术,分布式技术"
南京·雨花台区·安德门,华为,"计算机软件,不需要融资,10000人以上",JAVA 高级软件开发工程师,"3-5年,本科",,20-40K,"Hadoop,Java,数据库"
南京·江宁区·秣陵,清湛人智院,"计算机软件,不需要融资,100-499人",Java web后端开发工程师,"1-3年,本科",,11-16K,"数据库,后端开发,Java"
南京·建邺区·南苑,伟创达,"智能硬件,不需要融资,20-99人",JAVA 后端开发工程师,"1-3年,大专",,5-10K,"Java,jquery,MYSQL"
南京·江宁区·百家湖,天恒供应链,"交通/运输,天使轮,20-99人",Java 后端开发工程师,"1-3年,本科",,12-24K,"C/C++,后端开发,Java"
南京·江宁区·开发区,国网电科院,"电力/热力/燃气/水利,已上市,10000人以上",Java B/S系统开发工程师,"3-5年,硕士",,15-16K,"Java开发经验,不接受居家办公,后端工程师,Spring"
南京·鼓楼区·南大,我辈扬江苏云计算,"互联网,0-20人",中级/高级 Java 开发工程师,"1-3年,本科",,7-12K,"后端工程师,Java,Spring,计算机/软件工程相关经验,Java开发经验"
南京·建邺区·奥体,澎临,"计算机软件,未融资,0-20人",Java WEB开发工程师（2人）,"1-3年,本科",,8-12K,"HTML,CSS,WEB开发"
南京·建邺区·奥体,创致优,"计算机软件,未融资,20-99人",Java开发工程师,"1-3年,本科",,5-8K,"Spring,Java"
南京·浦口区·高新区,南京灏漫,"计算机软件,未融资,20-99人",JAVA开发工程师,"3-5年,大专",,12-20K·13薪,"MySQL,Redis,MyBatis,Java,Spring"
南京·江宁区·大学城,典易,"互联网,未融资,0-20人",Java开发工程师,"1-3年,本科",,7-9K,"分布式技术,Spring,SpringBoot,Redis,计算机软件,微信,小程序"
南京·雨花台区·南京南站,华为技术有限公司,"计算机软件,不需要融资,10000人以上",德科OD 南京 JAVA开发工程,"经验不限,本科",1.熟练掌握开发知识技能，JAVA/Python等编程语言熟练掌握一种或一种以上；,15-25K,"Python,微服务架构,Spring,Oracle,MySQL"
南京·建邺区·奥体,麟珅科技,"计算机软件,未融资,0-20人",Java 资深开发工程师,"3-5年,本科",职位要求：,15-20K·15薪,"后端工程师,Java,Spring,Java开发经验"
南京·秦淮区·光华路,华设,"建筑设计,已上市,1000-9999人",Java 高级开发工程师,"5-10年,本科",职责描述,18-30K,"后端工程师,Java,Spring,MyBatis,C#,建设管理系统,智慧工地系统"
南京·六合区·大厂,基蛋生物,"医疗健康,不需要融资,1000-9999人",java web开发工程师,"经验不限,本科",工作职责： ,8-13K,"Java,Spring,Spark,分布式技术,服务器配置,MySQL,全栈开发,GIT"
南京·江宁区·九龙湖,音飞集团,"机械设备/机电/重工,已上市,500-999人",JAVA 高级开发工程师,"1-3年,本科",岗位职责: ,8-13K·14薪,"Java,ERP,MES,Flutter"
南京·雨花台区·南京南站,丹卓科技,"企业服务,0-20人",Java 开发工程师,"3-5年,大专",岗位职责：,8-13K,"HTML,CSS"
南京·鼓楼区·华侨路,德风科技,"计算机软件,B轮,500-999人",JAVA 开发工程师,"3-5年,本科",1、根据设计方案，进行技术分析实现代码设计；,11-20K,"MVC开发,服务器配置,搜索引擎技术,Java"
南京·栖霞区·亚东,muspard,"智能硬件,0-20人",Java 开发工程师,"5-10年,本科",岗位职责：,12-18K,"Java,Javascript,JS"
南京·江宁区·大学城,典易,"互联网,未融资,0-20人",Java开发工程师,"1-3年,本科",岗位职责：,7-9K,"分布式技术,Spring,SpringBoot,Redis,计算机软件,微信,小程序"
南京·浦口区·高新区,南京灏漫,"计算机软件,未融资,20-99人",JAVA开发工程师,"3-5年,大专",1.专科及以上学历，多年开发工作经验;,12-20K·13薪,"MySQL,Redis,MyBatis,Java,Spring"
南京·建邺区·奥体,创致优,"计算机软件,未融资,20-99人",Java开发工程师,"1-3年,本科",熟悉springboot开发,5-8K,"Spring,Java"
南京·建邺区·奥体,澎临,"计算机软件,未融资,0-20人",Java WEB开发工程师（2人）,"1-3年,本科",1. 计算机及相关专业本科毕业，2年及以上Web开发经验；,8-12K,"HTML,CSS,WEB开发"
南京·鼓楼区·南大,我辈扬江苏云计算,"互联网,0-20人",中级/高级 Java 开发工程师,"1-3年,本科",岗位要求：,7-12K,"后端工程师,Java,Spring,计算机/软件工程相关经验,Java开发经验"
南京·江宁区·开发区,国网电科院,"电力/热力/燃气/水利,已上市,10000人以上",Java B/S系统开发工程师,"3-5年,硕士",岗位职责：,15-16K,"Java开发经验,不接受居家办公,后端工程师,Spring"
南京·江宁区·百家湖,天恒供应链,"交通/运输,天使轮,20-99人",Java 后端开发工程师,"1-3年,本科",工作职责：,12-24K,"C/C++,后端开发,Java"
南京·建邺区·南苑,伟创达,"智能硬件,不需要融资,20-99人",JAVA 后端开发工程师,"1-3年,大专",岗位职责：,5-10K,"Java,jquery,MYSQL"
南京·江宁区·秣陵,清湛人智院,"计算机软件,不需要融资,100-499人",Java web后端开发工程师,"1-3年,本科","1.三年以上java工程师，熟悉springmvc,springboot,vue,elemen优先,对数据抓取，模拟登录等网站技术者优先。对云原生技术有经验为佳。熟悉k8s为佳。",11-16K,"数据库,后端开发,Java"
南京·雨花台区·安德门,华为,"计算机软件,不需要融资,10000人以上",JAVA 高级软件开发工程师,"3-5年,本科",JAVA 高级软件开发工程师,20-40K,"Hadoop,Java,数据库"
南京·玄武区·徐庄软件园,苏宁易购,"电子商务,已上市,10000人以上",Java web开发工程师,"3-5年,本科",负责苏宁易购搜索后台相关设计、开发工作,15-30K·14薪,"软件工程师,Spring,后端开发,Java,HBase,Redis,搜索引擎技术,分布式技术"
南京·鼓楼区·幕府山,图治科技,"互联网,A轮,20-99人",Java Web开发工程师,"5-10年,本科",1、计算机相关专业本科及以上学历，5年以上Java Web开发经验;,15-25K·13薪,"Java,后端开发,Spring,Mybatis,Dubbo,Socket技术,MySQL,SaaS"
南京·江宁区·东山,镇江九桌信息技术,"计算机软件,未融资,20-99人",Java SpringBoot 开发工程师,"5-10年,大专",没有做过社交项目的不要投简历。,10-15K,"Java,Spring,SpringCloud,Hibernate,MySQL,Redis"
南京·雨花台区·安德门,中电金信,"计算机软件,B轮,10000人以上",Java 后端开发工程师,"在校/应届,本科",1.参与产品需求分析和系统设计，理解业务需求并将其转化为可实现的技术方案。,6-7K,"Java,Spring,MySQL"
南京,叮东网络科技,"移动互联网,未融资,20-99人",Java 开发工程师,"1-3年,本科",职位信息,5-8K,"SQL,多线程,Spring,SpringMVC,SpringBoot,Oracle"
南京·江宁区·九龙湖,粒聚科技,"计算机软件,A轮,20-99人",JAVA 开发工程师,"3-5年,本科",岗位职责：,15-20K,"微服务架构,SpringBoot,MySQL,后端开发,物联网,中级软件工程师,SaaS"
南京·鼓楼区·山西路,三合协鼎,"企业服务,不需要融资,0-20人",Java 开发工程师,"3-5年,本科",名称：Java 开发工程师,10-15K,"不接受居家办公,Java,Spring,MySQL,Redis,团队管理经验,架构设计经验,大数据经验"
南京·雨花台区·铁心桥,信息科技,"计算机软件,0-20人",Java 开发工程师,"5-10年,本科",工作职责：,15-30K,架构师
南京·雨花台区·铁心桥,众能联合,"互联网,D轮及以上,1000-9999人",Java高级开发工程师（业财研发工程师）,"5-10年,本科",岗位描述,26-40K·15薪,"业财,财务"
南京·建邺区·江东,小米,"互联网,已上市,10000人以上",高级Java开发工程师（研发平台）,"3-5年,本科",OD高端合作研发人员，待遇及奖金与华为正式员工相同，劳动合同方为外企德科。对口部门为华为车BU，主要做华为智能座舱业务。,20-40K·16薪,"不接受居家办公,Java,Spring,MyBatis,Nginx,MySQL,Redis,Spark,架构设计经验,分布式经验,微服务经验"
南京·建邺区·奥体,阿里巴巴集团,"互联网,已上市,10000人以上",Java开发工程师/Java架构师,"经验不限,本科",阿里集团客户体验事业群旨在建立更高的客户服务标准，让客户在阿里享受到最“爽”的服务，让“客户第一”成为阿里的百年口碑。客户体验产品技术部作为支撑全网服务的产品技术团队，希望通过我们的产品、数据、技术去提升阿里集团服务几亿客户的能力，提升全网客户体验。这里是最能听到“炮火”的地方，可以通过我们的努力，最直接的看到产品的改善。在这里可以接触第一手的大数据。这是一个以用户为中心的多角色无边界团队，一个有梦想的欢乐团队，一个能近距离感受用户温度的团队。无论你是何种角色，只要站在用户的角度思考问题，你的意见都有机会被采纳实施，去产品中落地。关于用户体验的经验和妙想会得到重视，可以站在集团层面，推动与解决难以落地的用户问题。,25-50K,"Java,Spring,Dubbo,分布式技术,Redis,后端开发,大数据"
address,company,company_info,job_name,job_time,need,salary,skill_tags
南京·雨花台区·南京南站,华为技术有限公司,"计算机软件,不需要融资,10000人以上",Java开发工程师(研发OD招聘),"经验不限,本科",,15-30K·15薪,Java
南京·雨花台区·铁心桥,信息科技,"计算机软件,0-20人",Java 开发工程师,"5-10年,本科",,15-30K,架构师
南京,叮东网络科技,"移动互联网,未融资,20-99人",Java 开发工程师,"1-3年,本科",,5-8K,"SQL,多线程,Spring,SpringMVC,SpringBoot,Oracle"
南京·栖霞区·亚东,muspard,"智能硬件,0-20人",Java 开发工程师,"5-10年,本科",,12-18K,"Java,Javascript,JS"
南京·鼓楼区·华侨路,德风科技,"计算机软件,B轮,500-999人",JAVA 开发工程师,"3-5年,本科",,11-20K,"MVC开发,服务器配置,搜索引擎技术,Java"
南京·秦淮区·光华路,华设,"建筑设计,已上市,1000-9999人",Java 高级开发工程师,"5-10年,本科",,18-30K,"后端工程师,Java,Spring,MyBatis,C#,建设管理系统,智慧工地系统"
南京·建邺区·奥体,麟珅科技,"计算机软件,未融资,0-20人",Java 资深开发工程师,"3-5年,本科",,15-20K·15薪,"后端工程师,Java,Spring,Java开发经验"
南京·江宁区·百家湖,天恒供应链,"交通/运输,天使轮,20-99人",Java 后端开发工程师,"1-3年,本科",,12-24K,"C/C++,后端开发,Java"
南京·江宁区·开发区,国网电科院,"电力/热力/燃气/水利,已上市,10000人以上",Java B/S系统开发工程师,"3-5年,硕士",,15-16K,"Java开发经验,不接受居家办公,后端工程师,Spring"
南京·建邺区·建邺万达,中科国力,"企业服务,A轮,100-499人",Java开发工程师,"3-5年,本科",,13-18K,微服务架构
南京·雨花台区·软件大道,华为,"计算机软件,不需要融资,10000人以上",Java开发工程师,"1-3年,本科",,12-24K,"java,微服务架构,SpringBoot,服务器端开发,软件工程师,容器技术,MySQL,WEB开发"
南京·浦口区·泰山,焦点方寸,"企业服务,未融资,0-20人",java开发工程师,"1-3年,本科",,6-10K,"Java,Hibernate,SpringCloud,MySQL,Redis,Spring"
南京·雨花台区·小行,华为,"计算机软件,不需要融资,10000人以上",Java开发工程师,"经验不限,本科",,20-40K·14薪,"Python,分布式技术,网络协议,数据结构,架构师,Linux,sre工程师,全栈工程师"
南京·江宁区·大学城,典易,"互联网,未融资,0-20人",Java开发工程师,"1-3年,本科",,7-9K,"分布式技术,Spring,SpringBoot,Redis,计算机软件,微信,小程序"
南京·雨花台区·安德门,华为云计算,"计算机服务,不需要融资,10000人以上",java开发工程师,"经验不限,本科",,12-24K·14薪,"Java,SpringCloud,Spring,MySQL,微服务经验"
南京·秦淮区·新街口,同企,"计算机软件,0-20人",Java开发工程师,"1-3年,本科",,8-13K·15薪,"Java,Spring,项目管理,后端开发,IT项目管理,计算机软件,管理系统,信息化"
南京,佰拓友创智能科技,"计算机服务,不需要融资,20-99人",Java开发工程师,"3-5年,本科",,10-15K,"Spring,MyBatis,SpringMVC,SpringCloud"
南京·建邺区·奥体,丰疆智能科技,"机械设备/机电/重工,不需要融资,500-999人",Java开发工程师,"3-5年,本科",,12-20K,"Java,分布式技术,MVC开发,服务器配置,搜索引擎技术,负载均衡技术,MySQL,后端开发"
南京·江宁区·开发区,南京培邦电力电子,"计算机软件,不需要融资,20-99人",JAVA开发工程师,"3-5年,本科",,10-15K·13薪,"Java,不接受居家办公,团队管理经验"
南京·雨花台区·安德门,华为技术有限公司,"计算机软件,不需要融资,10000人以上",JAVA开发工程师,"3-5年,本科",,25-40K·15薪,Java
南京·雨花台区·小行,荣耀终端,"计算机软件,10000人以上",java开发工程师,"3-5年,本科",,23-45K·13薪,"分布式技术,服务器配置,MVC开发,容器技术,Spring,Dubbo,Redis,Oracle"
南京·秦淮区·苜蓿园,诺丹,"工程施工,不需要融资,100-499人",Java开发工程师,"3-5年,本科",,15-20K,"Oracle,MySQL,Linux"
南京·玄武区·红山,拓群科技,"计算机软件,0-20人",Java开发工程师,"1-3年,本科",,8-12K,"SQL,Spring,SSH,Oracle,软件工程师,Maven,SVN,Eclipse"
南京·雨花台区·小行,南京小米,"互联网,已上市,10000人以上",Java开发工程师,"3-5年,本科",,20-35K·14薪,"Java,Linux"
南京·浦口区·泰山,南京云设,"通信/网络设备,未融资,20-99人",Java开发工程师,"经验不限,本科",,5-8K,"Java,Spring"
南京·建邺区·奥体,坤湛科技,"互联网,A轮,100-499人",Java开发工程师,"3-5年,本科",,20-40K·13薪,"Java,SQL,分布式技术,多线程,Spring,MySQL,微服务架构,GIT"
南京·雨花台区·铁心桥,SHEIN,"电子商务,D轮及以上,10000人以上",Java开发工程师,"经验不限,本科",,15-30K·14薪,"SQL,PHP,Python"
南京·六合区·大厂,阿里巴巴集团,"互联网,已上市,10000人以上",JAVA开发工程师,"5-10年,本科",,30-55K,Java
南京·雨花台区·小行,软通动力,"计算机软件,已上市,10000人以上",java开发工程师,"3-5年,本科",,13-16K,"后端工程师,Java,Spring,Redis,Java开发经验,分布式系统开发经验,中大型项目架构设计经验"
南京·建邺区·奥体,腾霜白,"计算机软件,20-99人",Java开发工程师,"3-5年,本科",,13-16K,"Java,SQL,分布式技术,服务器配置,搜索引擎技术,Spring,Dubbo,后端开发"
南京·雨花台区·南京南站,华为技术有限公司,"计算机软件,不需要融资,10000人以上",Java开发工程师(研发OD招聘),"经验不限,本科","OD高端合作研发人员，待遇及奖金与华为正式员工相同，劳动合同方为外企德科。对口部门为华为车BU，主要做华为智能座舱业务。,1.参与AI产品后台版本开发，承担关键模块的需求分析、设计、核心代码开发及维护工作；,2.保障版本开发质量和进度，保障用户体验；,3.版本符合公司安全隐私要求，遵从公司DevOps研发流程,4.要求全日制本科及以上学历",15-30K·15薪,Java
南京·建邺区·奥体,丰疆智能科技,"机械设备/机电/重工,不需要融资,500-999人",Java开发工程师,"3-5年,本科","1、负责项目的后端系统技术方案、代码开发、保证产品质量；,2、负责整理基础构件和业务构件，进行产品化改造及核心代码的编写，并具备解决高并发、高稳定性、业务模型复杂等带来的各种挑战及技术难关；,3、参与项目的核心代码开发,4、具有分布式开发经验优先,5、具有架构意识，善用总结开源框架特点，并熟悉框架技术实现优先,6、oa  crm开发经验优先,7、activiti开发经验优先",12-20K,"Java,分布式技术,MVC开发,服务器配置,搜索引擎技术,负载均衡技术,MySQL,后端开发"
南京,佰拓友创智能科技,"计算机服务,不需要融资,20-99人",Java开发工程师,"3-5年,本科","一.岗位职责:,1、负责现有系统开发、维护工作，研发自有框架及产品,2、参与公共组件的开发和新技术的调研应用,3、完成指定任务；,二、岗位要求:,1、3年以上Java开发经验，本科学历,2、精通spring MVC及相关主流数据库(oracle、MySql)；,3、熟悉Spring框架，熟悉spring boot、spring cloud微服务开发；,4、熟悉中间件Redis、MQ等；,5、熟悉JVM原理、多线程、IO操作；,6、有电网信息化系统经验优先。",10-15K,"Spring,MyBatis,SpringMVC,SpringCloud"
南京·秦淮区·新街口,同企,"计算机软件,0-20人",Java开发工程师,"1-3年,本科","1.熟练java开发，有一定开发经验,2熟悉spring boot mybatis ,3.有一定 项目管理，流程管理优先",8-13K·15薪,"Java,Spring,项目管理,后端开发,IT项目管理,计算机软件,管理系统,信息化"
南京·雨花台区·安德门,华为云计算,"计算机服务,不需要融资,10000人以上",java开发工程师,"经验不限,本科","岗位要求,1、熟悉Spring、Spring MVC、SpringBoot等java开发框架，具备良好的Java编程习惯,2、熟悉常用的数据结构及算法；熟悉数据库、多线程等,3、熟悉Git等代码库控制工具，具备基本的软件工程知识 ,4、学习能力强，工作积极主动,5、熟悉面向对象设计，有一定的系统架构设计能力,岗位职责,1.根据开发进度和任务分配，负责后台业务模块开发.编码等任务,2.项目需求分析，参与公司项目和系统的开发和设计，编写相关设计文档；,3.团队合作或独立完成领导量化的工作，按时保质完成项目迭代和整体交付,4.负责持续优化产品的质量、性能、用户体验，并解决开发中的日常技术问题,面试流程,1.机考（三道算法题）+两轮技术面+hr面试+主管综合面,2.地点：东莞、深圳、武汉、南京、杭州、上海、北京、西安、成都",12-24K·14薪,"Java,SpringCloud,Spring,MySQL,微服务经验"
南京·江宁区·大学城,典易,"互联网,未融资,0-20人",Java开发工程师,"1-3年,本科","岗位职责：,1、根据开发进度和任务分配，完成相应模块软件的开发任务；,2、参与项目、产品的应用功能设计和开发工作；,3、对所负责任务的程序进行单元测试，保证规范化的软件代码质量和单元测试文档；,4、能够主动思考开发工作过程中的解决方案,5、有微信生态产品（小程序、公众号、开放平台）开发经验者优先,任职要求：,1、本科或以上学历，计算机软件或相关专业；,2、从事Java开发工作至少2年以上，具备独立完成模块开发能力；拥有良好代码编写、单元测试等工作习惯；,3、熟练使用Spring、MyBatis、SpringBoot主流开发技术；,4、熟练使用MySQL、Redis、MQ（RabbitMQ、RocketMQ、Kafka其中一种）；,5、对技术有强烈的兴趣，喜欢钻研，具有良好的学习能力，沟通技能，团队合作能力。",7-9K,"分布式技术,Spring,SpringBoot,Redis,计算机软件,微信,小程序"
南京·雨花台区·小行,华为,"计算机软件,不需要融资,10000人以上",Java开发工程师,"经验不限,本科","岗位职责：,在这里，你将从事IT应用层软件、分布式云化软件、互联网软件等的设计开发，可以采用敏捷、Devops、开源等先进的软件设计开发模式，接触最前沿的产品和软件技术，成为大容量高并发技术的专家；你将参与华为产品的软件研发工作，包括但不限于：,（1）完成从客户需求到软件产品定义、架构设计、开发实现、再到上线运营维护等产品生命周期中的各个环节；,（2）创造性解决产品在实现过程中的技术难题，应用前沿技术提升产品的核心竞争力，如分布式系统、性能调优、可靠性、数据库等；,（3）有机会参与业界前沿技术研究和规划，参与开源社区运作，与全球专家一起工作、交流，构建华为在业界影响力。,岗位要求：,1、计算机、软件、通信等相关专业本科及以上学历；,2、热爱编程，基础扎实，熟悉掌握但不限于JAVA/C++/C/Python/JS/HTML/GO等编程语言中的一种或数种，有良好的编程习惯；,3、具备独立工作能力和解决问题的能力、善于沟通，乐于合作，热衷新技术，善于总结分享，喜欢动手实践；,4、对数据结构、算法有一定了解；,5、优选条件：,（1）熟悉TCP/IP协议及互联网常见应用和协议的原理；,（2）有IT应用软件、互联网软件、IOS/安卓等相关产品开发经验，不满足于课堂所学，在校期间积极参加校内外软件编程大赛或积极参于编程开源社区组织；,（3）熟悉JS/AS/AJAX/HTML5/CSS等前端开发技术。",20-40K·14薪,"Python,分布式技术,网络协议,数据结构,架构师,Linux,sre工程师,全栈工程师"
南京·浦口区·泰山,焦点方寸,"企业服务,未融资,0-20人",java开发工程师,"1-3年,本科","岗位职责：,1、协同团队完成产品/项目等的研发工作；,2、负责产品/项目等的功能模块重构优化、代码开发调试维护工作，确保代码质量满足可用/安全等要求；,3、负责产品/项目开发交付上线与支撑；,岗位要求：,1、本科或大专学历，1-2年J2EE开发经验，有互联网公司工作经验者优先；,2、熟练掌握springboot/springmvc/mybatis/hibernate等开源框架；,3、熟悉Web前端的语言（Javascript/HTML/CSS），熟练响应式布局优先；,4、熟悉mysql数据库和调优；,5、具备Linux系统使用经验，具备系统部署经验；,6、具有良好沟通和理解能力，扎实的编程功底以及良好的编码习惯，积极的团队协作精神；,简历投递方式：直接在招聘网站投递简历应聘或邮件发送简历至 ***************** / *****-focus.com",6-10K,"Java,Hibernate,SpringCloud,MySQL,Redis,Spring"
南京·建邺区·奥体,腾霜白,"计算机软件,20-99人",Java开发工程师,"3-5年,本科","Java开发工程师,岗位职责：,1、根据产品经理PRD、高级工程师的设计文档，独立实现业务功能；,2、优化或重构已有的公用组件、类库和工具，优化代码性能。,任职要求：,1、本科及以上学历，3年以上后端工作经验；,2、掌握SpringBoot或SpringCloud技术框架；熟练使用MyBatis等ORM技术及技术原理；,3、掌握MyBatis动态SQL语法规则，熟练掌握一种RPC框架（如：Dubbo、gPRC）；,4、熟悉Redis、Elasticsearch、Nginx、Kafka （至少2种）的环境部署及基本原理；,5、熟悉分布式相关操作原理（分布式ID，分布式锁等）。,6、有Netty相关经验优先",13-16K,"Java,SQL,分布式技术,服务器配置,搜索引擎技术,Spring,Dubbo,后端开发"
南京·雨花台区·小行,软通动力,"计算机软件,已上市,10000人以上",java开发工程师,"3-5年,本科","学历要求：学信网统本，可接受3+2专升本全日制学历,荣耀项目，两年经验起，长期项目，要求学信网统招本科学历，上班地点：金地威新,亲们，根据匹配情况，不止一个组有需求，荣耀Java皆有机考哦，会提前给题准备的,组1：,1，Java基础扎实，2年以上java工作经验,2、熟练使用微服务springcloud开发，熟悉中间件kafka、MQ、redis使用；,3、具备迭代产品项目或者大型项目开发经验，小工具类或者项目周期普遍几个月的一般不合适；,4、有学习习惯,组2：,1、熟悉掌握JAVA编程语言，有良好的编程习惯，至少2年以上工作经验；,2、熟练掌握Java EE相关技术，熟悉Spring、iBatis、Dubbo、SpringMVC、Spring Cloud等开源框架；,3、熟练掌握MySQL、Oracle等数据库开发和设计，掌握DB原理与调优、熟悉数据库建模、具备MySQL数据库设计、数据库性能优化经验，具备数据库分库分表实战经验，熟悉一种或多种NoSQL数据库，如Redis、MongoDB；,4、具备丰富的系统建模经验，熟悉分布式、多并发技术、SOA缓存技术、熟悉MQ、Nginx等，熟悉面向对象设计分析及UML建模，熟悉JVM、Web性能分析与调优；,5、熟悉docker、kubernates、Linux等部署经验；,6、有高并发、分布式、微服务等相关经验者优先考虑,高级岗jd岗位要求：,1、熟悉掌握JAVA编程语言，有良好的编程习惯；,2、熟练掌握Java EE相关技术，熟悉Spring、iBatis、Dubbo、SpringMVC、Spring Cloud等开源框架；,3、熟练掌握MySQL、Oracle等数据库开发和设计，掌握DB原理与调优、熟悉数据库建模、具备MySQL数据库设计、数据库性能优化经验，具备数据库分库分表实战经验，熟悉一种或多种NoSQL数据库，如Redis、MongoDB；,4、具备丰富的系统建模经验，熟悉分布式、多并发技术、SOA缓存技术、熟悉MQ、Nginx等，熟悉面向对象设计分析及UML建模，熟悉JVM、Web性能分析与调优；,5、熟悉docker、kubernates、Linux等部署经验；,6、有高并发、分布式、微服务等相关经验者优先考虑",13-16K,"后端工程师,Java,Spring,Redis,Java开发经验,分布式系统开发经验,中大型项目架构设计经验"
南京·六合区·大厂,阿里巴巴集团,"互联网,已上市,10000人以上",JAVA开发工程师,"5-10年,本科","1）从事供应链关商品、计划、采销、库存等核心产品的开发和技术架构工作；,2）参与项目的设计方案评审，项目管理和技术难点攻关；,3）深入理解业务，围绕业务的发展、产品规划等做技术规划，并且能够驱动落地 ；,4）带领小组同学完成自己所负责域的产品技术目标，并且带领团队一起成长。,职位描述,1）3年以上J2EE开发经验，扎实的编程基础，精通Java开发语言，熟练掌握JVM，WEB开发、缓存、消息中间件等核心技术，拥有分布式、高并发的系统开发经验者优先考虑；,2）具备良好的业务建模能力，能够结合业务场景抽象业务模型； 对供应链业务领域有沉淀的同学优先考虑；,3）有一定的大数据分析经验，熟练掌握相关技术（Hadoop，Spark等），了解一些算法模型的同学优先考虑；,4）有较好的结构化思维，沟通表达清晰，工作中善于解决复杂问题；,5）对技术有热情，持续学习新技术，不断的推动技术创新；,6）有优秀的团队合作精神，能够辅导团队成员，带动大家一起成长；,7）有供应链相关业务实战经验优先，了解电商技术体系，有宽广技术视野。",30-55K,Java
南京·雨花台区·铁心桥,SHEIN,"电子商务,D轮及以上,10000人以上",Java开发工程师,"经验不限,本科","1.参与需求评审，确定设计方案并最终实现；,2.按照设计要求及代码规范编写程序代码，编写相关技术文档，对其质量、性能负责；,3.担任团队核心开发者，承担关键任务攻关，为相关部门和人员提供技术支持；,4.保证所负责系统的稳定性、高性能、可扩展性；,5.分解任务，安排任务，把握关键节点，推动项目顺利进行，促进团队共同进步；,6.完成其他工作相关的临时性事项。",15-30K·14薪,"SQL,PHP,Python"
南京·建邺区·奥体,坤湛科技,"互联网,A轮,100-499人",Java开发工程师,"3-5年,本科","岗位描述:,1. 负责具体业务功能设计与开发，能深入理解业务并在项目中独当一面，包括需求分析、架构设计和代码实现；,2. 持续优化系统架构，具有非功能性需求设计经验，如：高可扩展、高性能、高可用、安全等；,3. 通过梳理和抽象，沉淀通用性的平台或服务能力，发现和解决存在的技术问题，并在具体的业务场景中进行验证推广；,【岗位要求】：,1. 本科及以上学历，计算机软件或相关专业；,2. 3 年及以上使用 JAVA 开发的经验，JAVA 基础扎实，理解 io、多线程、集合等基础框架，对 JVM 原理有一定的了解，对 Spring, ibatis 等开源框架熟悉；,3. 熟悉分布式系统的设计和应用，熟悉分布式、缓存、消息等机制；能对分布式常用技术进行合理应用，解决问题；,4. 掌握多线程及高性能的设计与编码及性能调优；有高并发应用开发经验；,5. 掌握 Linux 操作系统和大型数据库（Oracle、MySql）；对 sql 优化有丰富的经验；,6. 学习能力强，适应能力好，有强烈的责任心，具备耐心/细心的品质,7. 待遇：薪资+13新+年终奖(3-12个月)，目前公司在6月份已第一轮融资2000万美金，是2020最受投资人中最关注创业公司之一，发展势头和前景非常不错，公司预计在5年内上市，团队扩招到500人。,【公司介绍】：,坤湛科技是由源自BAT的技术领袖和业界权威联合创办的一家具备互联网精神的创业公司，聚焦传统产业（工业、农业、零售、物流、医疗等）数字化创新和智能化升级。,公司为企业提供沉浸式数字化转型服务，涵盖从战略规划到技术实施的全方位解决方案。经多个行业成功案例证明的方法论，结合人工智能算法与大数据产品为企业度身定做可实施、可落地、可见效的业务解决方案。,详情请查看官网：http://www.quadtalent.com/,闵万里创办的坤湛科技宣布完成超2000万美元首轮融资：https://finance.sina.com.cn/stock/hkstock/hkzmt/2020-06-09/doc-iirczymk6121712.shtml?cre=tianyi&mod=pcpager_fin&loc=6&r=9&rfunc=71&tj=none&tr=9",20-40K·13薪,"Java,SQL,分布式技术,多线程,Spring,MySQL,微服务架构,GIT"
南京·浦口区·泰山,南京云设,"通信/网络设备,未融资,20-99人",Java开发工程师,"经验不限,本科","岗位职责：,1、参与概要设计、详细设计，根据自身经验能够提出有益建议与方案，能发现设计中存在的问题并进行改进；,2、承担对应模块概要设计、详细设计编写，编写出的详细的设计文档能够清晰的指导自己进行开发，并能够很好的解决开发过程中遇到的问题；,3、能够高质量完成所负责模块的编码工作，并能指导和review其他同事的编码；,任职条件：,1、本科或以上学历；,2、精通J2EE开发技术及熟悉并使用过SSI框架，了解SpringBoot，对微服务架构有一定个人见解；,3、有良好的编码开发习惯，善于沟通，拥有一定的问题处理能力；,4、了解Oracle、mysql数据库；,5、热爱技术，有较强的学习能力及文档编写能力、能吃苦耐劳，做事勤奋，有责任感。",5-8K,"Java,Spring"
南京·雨花台区·小行,南京小米,"互联网,已上市,10000人以上",Java开发工程师,"3-5年,本科","职位描述：,1.负责小米移动互联网产品（游戏、商店、阅读、主题、音乐、生活等）服务端系统设计与研发工作；,2.关注高并发流量下系统性能及稳定性并持续优化；,3.参与小米应用商店自动化运营系统。 ,岗位要求：,1.三年以上服务端开发经验，计算机及相关专业，本科及以上学历；,2.扎实的编程能力，熟悉算法和数据结构，熟悉计算机的基础理论；,3.精通Java, jvm，熟练掌握mysql, spring, rose等常见的web开发技术；,4.熟悉Linux开发环境；,​5.熟悉hadoop, rpc, zookeeper, mq, redis, kafka, spark等开源技术；,6.有分布式、高并发大规模线上系统开发经验优先；,7.有线上性能优化经验优先；,8.追求极致，具有良好的沟通能力和团队合作精神。",20-35K·14薪,"Java,Linux"
南京·玄武区·红山,拓群科技,"计算机软件,0-20人",Java开发工程师,"1-3年,本科","岗位职责：,1、负责公司产品设计与开发；,2、负责指导、处理、协调和解决项目中出现的技术问题；,3、根据公司产品的版本管理规范，完成所负责项目的服务器代码的版本归档、版本变更、版本发布工作；,4、负责处理线上版本紧急技术问题，线上版本bug处理；,5、负责服务器系统优化，提高性能。,任职要求：,1、计算机或软件工程相关专业，熟悉java开发语言,SQL语句编写及至少熟悉一种数据库（Oracle或SQL Server）,2、熟悉常用的设计模式及软件项目开发过程，熟悉ssh开源框架及工作原理，熟悉springCloud者优先；,3、从事相关开发工作一年以上，熟悉国土资源或房产相关行业者优先；,4、具备良好的团队意识及创新思维、自我激励能力，善于与人合作；,5、具有良好的表达与沟通能力以及独立思考并解决问题的能力。",8-12K,"SQL,Spring,SSH,Oracle,软件工程师,Maven,SVN,Eclipse"
南京·秦淮区·苜蓿园,诺丹,"工程施工,不需要融资,100-499人",Java开发工程师,"3-5年,本科","岗位职责：,1.参与公司相关软件产品的研发与维护；,2.根据项目进度要求，完成子系统和模块开发、单元测试和系统联调；,3.系统业务功能编码实现，重构、功能升级和解决bug；,4.负责系统设计和代码阶段的复杂缺陷和技术问题的研究和分析，并提出创新性的解决方案；,职位要求：,1. 计算机或相关专业，本科以上学历；,2. 2年以上Java开发经验，具有扎实的Java基础；,3. 熟悉并掌握Spring及Sping Boot&Cloud，SpringMVC或Struts2，MyBatis或Hibernate等主流开源Web应用框架以及Web微服务框架；,4. 熟悉常用Linux命令，熟悉服务器应用部署；,5. 熟练掌握Oracle、MySQL等常用数据库；,6. 熟悉微服务、分布式架构、缓存(Redis)、消息中间件(ActiveMQ/RabbitMQ)等更佳；",15-20K,"Oracle,MySQL,Linux"
南京·雨花台区·小行,荣耀终端,"计算机软件,10000人以上",java开发工程师,"3-5年,本科","荣耀终端有限公司南京分公司,工作职责：,1、通过开发工具或开发方法的改进提高开发效率，参与定制设计及实现各项研发规范，指导设计、实现、及部署工作；,2、负责关键技术研究和技术预研，并结合实际应用需求运用于平台系统架构中；,3、负责平台产品的性能评测、容量评估、线上技术问题跟踪和处理；分析、拉通并解决平台开发和运维过程中的技术问题；从可测性、容灾和系统稳定性方面推动平台的发展。,4、AI领域智慧业务云侧的特性设计及开发，完成高质可信的特性开发交付；完成跨模块的服务对接调试，负责端到端的特性交付。,5、将负责电商零售领域、营销服务领域、采购供应链领域、财经交易领域、HR及行政综合领域、云平台等IT产品开发。,任职要求：,基础能力要求,1、211或双一流，本科及以上学历；,2、热爱编程，基础扎实，熟悉掌握JAVA编程语言，有良好的编程习惯；,3、具备独立工作能力和解决问题的能力、善于沟通，乐于合作，热衷新技术，善于总结分享，喜欢动手实践；,专业知识要求,1、熟练掌握Java EE相关技术，熟悉Spring、iBatis、Dubbo、SpringMVC、Spring Cloud等开源框架；,2、熟练掌握MySQL、Oracle等数据库开发和设计，掌握DB原理与调优、熟悉数据库建模、具备MySQL数据库设计、数据库性能优化经验，具备数据库分库分表实战经验，熟悉一种或多种NoSQL数据库，如Redis、MongoDB、HBase；,3、具备丰富的系统建模经验，熟悉分布式、多并发技术、SOA缓存技术、熟悉MQ、ES、BPM、Nginx等，熟悉面向对象设计分析及UML建模，熟悉JVM、Web性能分析与调优；,4、熟悉CI/CD、docker、kubernates、Linux等运维部署经验；,5、有高并发、分布式、微服务治理、大数据、财经ERP、支付、开票、结算等相关经验者优先考虑；",23-45K·13薪,"分布式技术,服务器配置,MVC开发,容器技术,Spring,Dubbo,Redis,Oracle"
南京·雨花台区·安德门,华为技术有限公司,"计算机软件,不需要融资,10000人以上",JAVA开发工程师,"3-5年,本科","岗位职责：,1、开发消费者云服务业务服务端代码功能，编写模块详细设计文档；,2、根据开发进度和任务分配，完成相应模块软件的设计、开发任务；,3、熟悉Java或其他面向对象语言，对多线程编程有深入理解；熟悉主流开源应用框架spring、netty、mybatis等；,4、熟悉UI、数据库、图像处理、自动化控制、工厂自动化其中一项或者多项开发；,5、熟练掌握mysql/redis等数据库，对数据库，缓存技术有较深理解",25-40K·15薪,Java
南京·江宁区·开发区,南京培邦电力电子,"计算机软件,不需要融资,20-99人",JAVA开发工程师,"3-5年,本科","岗位职责：,1.参与公司相关软件产品的研发与维护；,2.根据项目进度要求，完成子系统和模块开发、单元测试和系统联调；,3.系统业务功能编码实现，重构、功能升级和解决bug；,4.负责系统设计和代码阶段的复杂缺陷和技术问题的研究和分析，并提出创新性的解决方案；,5.为公司技术平台提供建设性意见，参与基础平台建设，解决项目实施中的技术难点；,任职资格：,1.本科及以上学历；,2.JAVA相关工作经验2年及以上；,3.精通Spring相关框架，熟悉MyBatis等数据访问框架，熟悉多线程，熟悉并发，精通设计模式；,4.熟悉ORACLE应用开发、配置、维护及性能优化；,5熟练使用git、maven等工具，了解K8S、Docker等容器部署；,6.了解微服务框架体系，例如 Spring Cloud，有微服务开发经验；,7.有EasyUI开发经验的优先；",10-15K·13薪,"Java,不接受居家办公,团队管理经验"
南京·雨花台区·软件大道,华为,"计算机软件,不需要融资,10000人以上",Java开发工程师,"1-3年,本科","服务器开发,技能要求：,1、熟练掌握Spring、SpringMVC、SpringBoot/SpringCloud、mybatis等开发框架；,2、了解微服务实践经验者优先。,3、掌握使用Redis、MQ、docker、Nginx、Tomcat等应用中间件经验优先.,4、有devops、需求分析，模块设计等相关经验优先。,5、具有良好的沟通能力、学习能力、团队协作能力,职位描述：,1.负责产品需求的分析、程序设计和代码编写、自测等工作；,2.负责代码的性能、安全性、可维护性等优化工作；,3.负责线上系统问题的分析和处理；,4.负责相关文档的输出（概要设计、详细设计以及使用说明）",12-24K,"java,微服务架构,SpringBoot,服务器端开发,软件工程师,容器技术,MySQL,WEB开发"
